dicom_path,infection_mask_path,lung_mask_path
L3netDemoData/OpenSourceDCMs/DCM3/m004-s0062-3.dcm,L3netDemoData/InfectionMasks/3_z062.png,L3netDemoData/LungMasks/3_z062.png
L3netDemoData/OpenSourceDCMs/DCM3/m004-s0223-3.dcm,L3netDemoData/InfectionMasks/3_z223.png,L3netDemoData/LungMasks/3_z223.png
L3netDemoData/OpenSourceDCMs/DCM3/m004-s0151-3.dcm,L3netDemoData/InfectionMasks/3_z151.png,L3netDemoData/LungMasks/3_z151.png
L3netDemoData/OpenSourceDCMs/DCM3/m004-s0137-3.dcm,L3netDemoData/InfectionMasks/3_z137.png,L3netDemoData/LungMasks/3_z137.png
L3netDemoData/OpenSourceDCMs/DCM9/m012-s0084-9.dcm,L3netDemoData/InfectionMasks/9_z084.png,L3netDemoData/LungMasks/9_z084.png
L3netDemoData/OpenSourceDCMs/DCM3/m004-s0249-3.dcm,L3netDemoData/InfectionMasks/3_z249.png,L3netDemoData/LungMasks/3_z249.png
L3netDemoData/OpenSourceDCMs/DCM3/m004-s0049-3.dcm,L3netDemoData/InfectionMasks/3_z049.png,L3netDemoData/LungMasks/3_z049.png
L3netDemoData/OpenSourceDCMs/DCM3/m004-s0313-3.dcm,L3netDemoData/InfectionMasks/3_z313.png,L3netDemoData/LungMasks/3_z313.png
L3netDemoData/OpenSourceDCMs/DCM3/m004-s0244-3.dcm,L3netDemoData/InfectionMasks/3_z244.png,L3netDemoData/LungMasks/3_z244.png
L3netDemoData/OpenSourceDCMs/DCM3/m004-s0362-3.dcm,L3netDemoData/InfectionMasks/3_z362.png,L3netDemoData/LungMasks/3_z362.png
L3netDemoData/OpenSourceDCMs/DCM1/m006-s0042-1.dcm,L3netDemoData/InfectionMasks/1_z042.png,L3netDemoData/LungMasks/1_z042.png
L3netDemoData/OpenSourceDCMs/DCM4/m007-s0013-4.dcm,L3netDemoData/InfectionMasks/4_z013.png,L3netDemoData/LungMasks/4_z013.png
L3netDemoData/OpenSourceDCMs/DCM3/m004-s0025-3.dcm,L3netDemoData/InfectionMasks/3_z025.png,L3netDemoData/LungMasks/3_z025.png
L3netDemoData/OpenSourceDCMs/DCM3/m004-s0277-3.dcm,L3netDemoData/InfectionMasks/3_z277.png,L3netDemoData/LungMasks/3_z277.png
L3netDemoData/OpenSourceDCMs/DCM2/m005-s0012-2.dcm,L3netDemoData/InfectionMasks/2_z012.png,L3netDemoData/LungMasks/2_z012.png
L3netDemoData/OpenSourceDCMs/DCM3/m004-s0350-3.dcm,L3netDemoData/InfectionMasks/3_z350.png,L3netDemoData/LungMasks/3_z350.png
L3netDemoData/OpenSourceDCMs/DCM3/m004-s0211-3.dcm,L3netDemoData/InfectionMasks/3_z211.png,L3netDemoData/LungMasks/3_z211.png
L3netDemoData/OpenSourceDCMs/DCM3/m004-s0346-3.dcm,L3netDemoData/InfectionMasks/3_z346.png,L3netDemoData/LungMasks/3_z346.png
L3netDemoData/OpenSourceDCMs/DCM1/m006-s0025-1.dcm,L3netDemoData/InfectionMasks/1_z025.png,L3netDemoData/LungMasks/1_z025.png
L3netDemoData/OpenSourceDCMs/DCM3/m004-s0395-3.dcm,L3netDemoData/InfectionMasks/3_z395.png,L3netDemoData/LungMasks/3_z395.png
L3netDemoData/OpenSourceDCMs/DCM3/m004-s0284-3.dcm,L3netDemoData/InfectionMasks/3_z284.png,L3netDemoData/LungMasks/3_z284.png
L3netDemoData/OpenSourceDCMs/DCM3/m004-s0299-3.dcm,L3netDemoData/InfectionMasks/3_z299.png,L3netDemoData/LungMasks/3_z299.png
L3netDemoData/OpenSourceDCMs/DCM2/m005-s0007-2.dcm,L3netDemoData/InfectionMasks/2_z007.png,L3netDemoData/LungMasks/2_z007.png
L3netDemoData/OpenSourceDCMs/DCM7/m010-s0012-7.dcm,L3netDemoData/InfectionMasks/7_z012.png,L3netDemoData/LungMasks/7_z012.png
L3netDemoData/OpenSourceDCMs/DCM9/m012-s0026-9.dcm,L3netDemoData/InfectionMasks/9_z026.png,L3netDemoData/LungMasks/9_z026.png
L3netDemoData/OpenSourceDCMs/DCM3/m004-s0181-3.dcm,L3netDemoData/InfectionMasks/3_z181.png,L3netDemoData/LungMasks/3_z181.png
L3netDemoData/OpenSourceDCMs/DCM5/m008-s0005-5.dcm,L3netDemoData/InfectionMasks/5_z005.png,L3netDemoData/LungMasks/5_z005.png
L3netDemoData/OpenSourceDCMs/DCM5/m008-s0036-5.dcm,L3netDemoData/InfectionMasks/5_z036.png,L3netDemoData/LungMasks/5_z036.png
L3netDemoData/OpenSourceDCMs/DCM3/m004-s0267-3.dcm,L3netDemoData/InfectionMasks/3_z267.png,L3netDemoData/LungMasks/3_z267.png
L3netDemoData/OpenSourceDCMs/DCM3/m004-s0216-3.dcm,L3netDemoData/InfectionMasks/3_z216.png,L3netDemoData/LungMasks/3_z216.png
L3netDemoData/OpenSourceDCMs/DCM1/m006-s0019-1.dcm,L3netDemoData/InfectionMasks/1_z019.png,L3netDemoData/LungMasks/1_z019.png
L3netDemoData/OpenSourceDCMs/DCM5/m008-s0063-5.dcm,L3netDemoData/InfectionMasks/5_z063.png,L3netDemoData/LungMasks/5_z063.png
L3netDemoData/OpenSourceDCMs/DCM3/m004-s0203-3.dcm,L3netDemoData/InfectionMasks/3_z203.png,L3netDemoData/LungMasks/3_z203.png
L3netDemoData/OpenSourceDCMs/DCM2/m005-s0039-2.dcm,L3netDemoData/InfectionMasks/2_z039.png,L3netDemoData/LungMasks/2_z039.png
L3netDemoData/OpenSourceDCMs/DCM2/m005-s0017-2.dcm,L3netDemoData/InfectionMasks/2_z017.png,L3netDemoData/LungMasks/2_z017.png
L3netDemoData/OpenSourceDCMs/DCM3/m004-s0399-3.dcm,L3netDemoData/InfectionMasks/3_z399.png,L3netDemoData/LungMasks/3_z399.png
L3netDemoData/OpenSourceDCMs/DCM3/m004-s0202-3.dcm,L3netDemoData/InfectionMasks/3_z202.png,L3netDemoData/LungMasks/3_z202.png
L3netDemoData/OpenSourceDCMs/DCM4/m007-s0006-4.dcm,L3netDemoData/InfectionMasks/4_z006.png,L3netDemoData/LungMasks/4_z006.png
L3netDemoData/OpenSourceDCMs/DCM3/m004-s0315-3.dcm,L3netDemoData/InfectionMasks/3_z315.png,L3netDemoData/LungMasks/3_z315.png
L3netDemoData/OpenSourceDCMs/DCM3/m004-s0384-3.dcm,L3netDemoData/InfectionMasks/3_z384.png,L3netDemoData/LungMasks/3_z384.png
L3netDemoData/OpenSourceDCMs/DCM3/m004-s0099-3.dcm,L3netDemoData/InfectionMasks/3_z099.png,L3netDemoData/LungMasks/3_z099.png
L3netDemoData/OpenSourceDCMs/DCM3/m004-s0245-3.dcm,L3netDemoData/InfectionMasks/3_z245.png,L3netDemoData/LungMasks/3_z245.png
L3netDemoData/OpenSourceDCMs/DCM4/m007-s0018-4.dcm,L3netDemoData/InfectionMasks/4_z018.png,L3netDemoData/LungMasks/4_z018.png
L3netDemoData/OpenSourceDCMs/DCM3/m004-s0140-3.dcm,L3netDemoData/InfectionMasks/3_z140.png,L3netDemoData/LungMasks/3_z140.png
L3netDemoData/OpenSourceDCMs/DCM3/m004-s0360-3.dcm,L3netDemoData/InfectionMasks/3_z360.png,L3netDemoData/LungMasks/3_z360.png
L3netDemoData/OpenSourceDCMs/DCM5/m008-s0054-5.dcm,L3netDemoData/InfectionMasks/5_z054.png,L3netDemoData/LungMasks/5_z054.png
L3netDemoData/OpenSourceDCMs/DCM3/m004-s0251-3.dcm,L3netDemoData/InfectionMasks/3_z251.png,L3netDemoData/LungMasks/3_z251.png
L3netDemoData/OpenSourceDCMs/DCM3/m004-s0261-3.dcm,L3netDemoData/InfectionMasks/3_z261.png,L3netDemoData/LungMasks/3_z261.png
L3netDemoData/OpenSourceDCMs/DCM5/m008-s0061-5.dcm,L3netDemoData/InfectionMasks/5_z061.png,L3netDemoData/LungMasks/5_z061.png
L3netDemoData/OpenSourceDCMs/DCM4/m007-s0012-4.dcm,L3netDemoData/InfectionMasks/4_z012.png,L3netDemoData/LungMasks/4_z012.png
L3netDemoData/OpenSourceDCMs/DCM3/m004-s0093-3.dcm,L3netDemoData/InfectionMasks/3_z093.png,L3netDemoData/LungMasks/3_z093.png
L3netDemoData/OpenSourceDCMs/DCM9/m012-s0073-9.dcm,L3netDemoData/InfectionMasks/9_z073.png,L3netDemoData/LungMasks/9_z073.png
L3netDemoData/OpenSourceDCMs/DCM8/m011-s0042-8.dcm,L3netDemoData/InfectionMasks/8_z042.png,L3netDemoData/LungMasks/8_z042.png
L3netDemoData/OpenSourceDCMs/DCM3/m004-s0080-3.dcm,L3netDemoData/InfectionMasks/3_z080.png,L3netDemoData/LungMasks/3_z080.png
L3netDemoData/OpenSourceDCMs/DCM3/m004-s0165-3.dcm,L3netDemoData/InfectionMasks/3_z165.png,L3netDemoData/LungMasks/3_z165.png
L3netDemoData/OpenSourceDCMs/DCM4/m007-s0035-4.dcm,L3netDemoData/InfectionMasks/4_z035.png,L3netDemoData/LungMasks/4_z035.png
L3netDemoData/OpenSourceDCMs/DCM8/m011-s0044-8.dcm,L3netDemoData/InfectionMasks/8_z044.png,L3netDemoData/LungMasks/8_z044.png
L3netDemoData/OpenSourceDCMs/DCM2/m005-s0030-2.dcm,L3netDemoData/InfectionMasks/2_z030.png,L3netDemoData/LungMasks/2_z030.png
L3netDemoData/OpenSourceDCMs/DCM8/m011-s0041-8.dcm,L3netDemoData/InfectionMasks/8_z041.png,L3netDemoData/LungMasks/8_z041.png
L3netDemoData/OpenSourceDCMs/DCM3/m004-s0341-3.dcm,L3netDemoData/InfectionMasks/3_z341.png,L3netDemoData/LungMasks/3_z341.png
L3netDemoData/OpenSourceDCMs/DCM3/m004-s0021-3.dcm,L3netDemoData/InfectionMasks/3_z021.png,L3netDemoData/LungMasks/3_z021.png
L3netDemoData/OpenSourceDCMs/DCM3/m004-s0031-3.dcm,L3netDemoData/InfectionMasks/3_z031.png,L3netDemoData/LungMasks/3_z031.png
L3netDemoData/OpenSourceDCMs/DCM3/m004-s0231-3.dcm,L3netDemoData/InfectionMasks/3_z231.png,L3netDemoData/LungMasks/3_z231.png
L3netDemoData/OpenSourceDCMs/DCM3/m004-s0009-3.dcm,L3netDemoData/InfectionMasks/3_z009.png,L3netDemoData/LungMasks/3_z009.png
L3netDemoData/OpenSourceDCMs/DCM3/m004-s0407-3.dcm,L3netDemoData/InfectionMasks/3_z407.png,L3netDemoData/LungMasks/3_z407.png
L3netDemoData/OpenSourceDCMs/DCM3/m004-s0006-3.dcm,L3netDemoData/InfectionMasks/3_z006.png,L3netDemoData/LungMasks/3_z006.png
L3netDemoData/OpenSourceDCMs/DCM3/m004-s0367-3.dcm,L3netDemoData/InfectionMasks/3_z367.png,L3netDemoData/LungMasks/3_z367.png
L3netDemoData/OpenSourceDCMs/DCM9/m012-s0027-9.dcm,L3netDemoData/InfectionMasks/9_z027.png,L3netDemoData/LungMasks/9_z027.png
L3netDemoData/OpenSourceDCMs/DCM9/m012-s0036-9.dcm,L3netDemoData/InfectionMasks/9_z036.png,L3netDemoData/LungMasks/9_z036.png
L3netDemoData/OpenSourceDCMs/DCM5/m008-s0057-5.dcm,L3netDemoData/InfectionMasks/5_z057.png,L3netDemoData/LungMasks/5_z057.png
L3netDemoData/OpenSourceDCMs/DCM4/m007-s0031-4.dcm,L3netDemoData/InfectionMasks/4_z031.png,L3netDemoData/LungMasks/4_z031.png
L3netDemoData/OpenSourceDCMs/DCM3/m004-s0011-3.dcm,L3netDemoData/InfectionMasks/3_z011.png,L3netDemoData/LungMasks/3_z011.png
L3netDemoData/OpenSourceDCMs/DCM1/m006-s0012-1.dcm,L3netDemoData/InfectionMasks/1_z012.png,L3netDemoData/LungMasks/1_z012.png
L3netDemoData/OpenSourceDCMs/DCM9/m012-s0070-9.dcm,L3netDemoData/InfectionMasks/9_z070.png,L3netDemoData/LungMasks/9_z070.png
L3netDemoData/OpenSourceDCMs/DCM1/m006-s0044-1.dcm,L3netDemoData/InfectionMasks/1_z044.png,L3netDemoData/LungMasks/1_z044.png
L3netDemoData/OpenSourceDCMs/DCM1/m006-s0043-1.dcm,L3netDemoData/InfectionMasks/1_z043.png,L3netDemoData/LungMasks/1_z043.png
L3netDemoData/OpenSourceDCMs/DCM3/m004-s0084-3.dcm,L3netDemoData/InfectionMasks/3_z084.png,L3netDemoData/LungMasks/3_z084.png
L3netDemoData/OpenSourceDCMs/DCM8/m011-s0037-8.dcm,L3netDemoData/InfectionMasks/8_z037.png,L3netDemoData/LungMasks/8_z037.png
L3netDemoData/OpenSourceDCMs/DCM4/m007-s0015-4.dcm,L3netDemoData/InfectionMasks/4_z015.png,L3netDemoData/LungMasks/4_z015.png
L3netDemoData/OpenSourceDCMs/DCM6/m009-s0029-6.dcm,L3netDemoData/InfectionMasks/6_z029.png,L3netDemoData/LungMasks/6_z029.png
L3netDemoData/OpenSourceDCMs/DCM3/m004-s0348-3.dcm,L3netDemoData/InfectionMasks/3_z348.png,L3netDemoData/LungMasks/3_z348.png
L3netDemoData/OpenSourceDCMs/DCM3/m004-s0095-3.dcm,L3netDemoData/InfectionMasks/3_z095.png,L3netDemoData/LungMasks/3_z095.png
L3netDemoData/OpenSourceDCMs/DCM5/m008-s0008-5.dcm,L3netDemoData/InfectionMasks/5_z008.png,L3netDemoData/LungMasks/5_z008.png
L3netDemoData/OpenSourceDCMs/DCM5/m008-s0017-5.dcm,L3netDemoData/InfectionMasks/5_z017.png,L3netDemoData/LungMasks/5_z017.png
L3netDemoData/OpenSourceDCMs/DCM3/m004-s0094-3.dcm,L3netDemoData/InfectionMasks/3_z094.png,L3netDemoData/LungMasks/3_z094.png
L3netDemoData/OpenSourceDCMs/DCM5/m008-s0044-5.dcm,L3netDemoData/InfectionMasks/5_z044.png,L3netDemoData/LungMasks/5_z044.png
L3netDemoData/OpenSourceDCMs/DCM5/m008-s0038-5.dcm,L3netDemoData/InfectionMasks/5_z038.png,L3netDemoData/LungMasks/5_z038.png
L3netDemoData/OpenSourceDCMs/DCM3/m004-s0174-3.dcm,L3netDemoData/InfectionMasks/3_z174.png,L3netDemoData/LungMasks/3_z174.png
L3netDemoData/OpenSourceDCMs/DCM3/m004-s0292-3.dcm,L3netDemoData/InfectionMasks/3_z292.png,L3netDemoData/LungMasks/3_z292.png
L3netDemoData/OpenSourceDCMs/DCM3/m004-s0252-3.dcm,L3netDemoData/InfectionMasks/3_z252.png,L3netDemoData/LungMasks/3_z252.png
L3netDemoData/OpenSourceDCMs/DCM3/m004-s0410-3.dcm,L3netDemoData/InfectionMasks/3_z410.png,L3netDemoData/LungMasks/3_z410.png
L3netDemoData/OpenSourceDCMs/DCM1/m006-s0016-1.dcm,L3netDemoData/InfectionMasks/1_z016.png,L3netDemoData/LungMasks/1_z016.png
L3netDemoData/OpenSourceDCMs/DCM1/m006-s0004-1.dcm,L3netDemoData/InfectionMasks/1_z004.png,L3netDemoData/LungMasks/1_z004.png
L3netDemoData/OpenSourceDCMs/DCM3/m004-s0268-3.dcm,L3netDemoData/InfectionMasks/3_z268.png,L3netDemoData/LungMasks/3_z268.png
L3netDemoData/OpenSourceDCMs/DCM3/m004-s0173-3.dcm,L3netDemoData/InfectionMasks/3_z173.png,L3netDemoData/LungMasks/3_z173.png
L3netDemoData/OpenSourceDCMs/DCM3/m004-s0305-3.dcm,L3netDemoData/InfectionMasks/3_z305.png,L3netDemoData/LungMasks/3_z305.png
L3netDemoData/OpenSourceDCMs/DCM3/m004-s0326-3.dcm,L3netDemoData/InfectionMasks/3_z326.png,L3netDemoData/LungMasks/3_z326.png
L3netDemoData/OpenSourceDCMs/DCM8/m011-s0025-8.dcm,L3netDemoData/InfectionMasks/8_z025.png,L3netDemoData/LungMasks/8_z025.png
L3netDemoData/OpenSourceDCMs/DCM3/m004-s0416-3.dcm,L3netDemoData/InfectionMasks/3_z416.png,L3netDemoData/LungMasks/3_z416.png
L3netDemoData/OpenSourceDCMs/DCM3/m004-s0353-3.dcm,L3netDemoData/InfectionMasks/3_z353.png,L3netDemoData/LungMasks/3_z353.png
L3netDemoData/OpenSourceDCMs/DCM9/m012-s0021-9.dcm,L3netDemoData/InfectionMasks/9_z021.png,L3netDemoData/LungMasks/9_z021.png
L3netDemoData/OpenSourceDCMs/DCM3/m004-s0412-3.dcm,L3netDemoData/InfectionMasks/3_z412.png,L3netDemoData/LungMasks/3_z412.png
L3netDemoData/OpenSourceDCMs/DCM3/m004-s0241-3.dcm,L3netDemoData/InfectionMasks/3_z241.png,L3netDemoData/LungMasks/3_z241.png
L3netDemoData/OpenSourceDCMs/DCM3/m004-s0394-3.dcm,L3netDemoData/InfectionMasks/3_z394.png,L3netDemoData/LungMasks/3_z394.png
L3netDemoData/OpenSourceDCMs/DCM1/m006-s0010-1.dcm,L3netDemoData/InfectionMasks/1_z010.png,L3netDemoData/LungMasks/1_z010.png
L3netDemoData/OpenSourceDCMs/DCM3/m004-s0166-3.dcm,L3netDemoData/InfectionMasks/3_z166.png,L3netDemoData/LungMasks/3_z166.png
L3netDemoData/OpenSourceDCMs/DCM1/m006-s0023-1.dcm,L3netDemoData/InfectionMasks/1_z023.png,L3netDemoData/LungMasks/1_z023.png
L3netDemoData/OpenSourceDCMs/DCM3/m004-s0138-3.dcm,L3netDemoData/InfectionMasks/3_z138.png,L3netDemoData/LungMasks/3_z138.png
L3netDemoData/OpenSourceDCMs/DCM6/m009-s0023-6.dcm,L3netDemoData/InfectionMasks/6_z023.png,L3netDemoData/LungMasks/6_z023.png
L3netDemoData/OpenSourceDCMs/DCM8/m011-s0024-8.dcm,L3netDemoData/InfectionMasks/8_z024.png,L3netDemoData/LungMasks/8_z024.png
L3netDemoData/OpenSourceDCMs/DCM9/m012-s0078-9.dcm,L3netDemoData/InfectionMasks/9_z078.png,L3netDemoData/LungMasks/9_z078.png
L3netDemoData/OpenSourceDCMs/DCM9/m012-s0055-9.dcm,L3netDemoData/InfectionMasks/9_z055.png,L3netDemoData/LungMasks/9_z055.png
L3netDemoData/OpenSourceDCMs/DCM3/m004-s0257-3.dcm,L3netDemoData/InfectionMasks/3_z257.png,L3netDemoData/LungMasks/3_z257.png
L3netDemoData/OpenSourceDCMs/DCM8/m011-s0004-8.dcm,L3netDemoData/InfectionMasks/8_z004.png,L3netDemoData/LungMasks/8_z004.png
L3netDemoData/OpenSourceDCMs/DCM3/m004-s0120-3.dcm,L3netDemoData/InfectionMasks/3_z120.png,L3netDemoData/LungMasks/3_z120.png
L3netDemoData/OpenSourceDCMs/DCM3/m004-s0154-3.dcm,L3netDemoData/InfectionMasks/3_z154.png,L3netDemoData/LungMasks/3_z154.png
L3netDemoData/OpenSourceDCMs/DCM3/m004-s0010-3.dcm,L3netDemoData/InfectionMasks/3_z010.png,L3netDemoData/LungMasks/3_z010.png
L3netDemoData/OpenSourceDCMs/DCM5/m008-s0028-5.dcm,L3netDemoData/InfectionMasks/5_z028.png,L3netDemoData/LungMasks/5_z028.png
L3netDemoData/OpenSourceDCMs/DCM8/m011-s0023-8.dcm,L3netDemoData/InfectionMasks/8_z023.png,L3netDemoData/LungMasks/8_z023.png
L3netDemoData/OpenSourceDCMs/DCM4/m007-s0025-4.dcm,L3netDemoData/InfectionMasks/4_z025.png,L3netDemoData/LungMasks/4_z025.png
L3netDemoData/OpenSourceDCMs/DCM3/m004-s0201-3.dcm,L3netDemoData/InfectionMasks/3_z201.png,L3netDemoData/LungMasks/3_z201.png
L3netDemoData/OpenSourceDCMs/DCM3/m004-s0101-3.dcm,L3netDemoData/InfectionMasks/3_z101.png,L3netDemoData/LungMasks/3_z101.png
L3netDemoData/OpenSourceDCMs/DCM7/m010-s0024-7.dcm,L3netDemoData/InfectionMasks/7_z024.png,L3netDemoData/LungMasks/7_z024.png
L3netDemoData/OpenSourceDCMs/DCM9/m012-s0028-9.dcm,L3netDemoData/InfectionMasks/9_z028.png,L3netDemoData/LungMasks/9_z028.png
L3netDemoData/OpenSourceDCMs/DCM3/m004-s0070-3.dcm,L3netDemoData/InfectionMasks/3_z070.png,L3netDemoData/LungMasks/3_z070.png
L3netDemoData/OpenSourceDCMs/DCM2/m005-s0031-2.dcm,L3netDemoData/InfectionMasks/2_z031.png,L3netDemoData/LungMasks/2_z031.png
L3netDemoData/OpenSourceDCMs/DCM3/m004-s0400-3.dcm,L3netDemoData/InfectionMasks/3_z400.png,L3netDemoData/LungMasks/3_z400.png
L3netDemoData/OpenSourceDCMs/DCM4/m007-s0020-4.dcm,L3netDemoData/InfectionMasks/4_z020.png,L3netDemoData/LungMasks/4_z020.png
L3netDemoData/OpenSourceDCMs/DCM3/m004-s0194-3.dcm,L3netDemoData/InfectionMasks/3_z194.png,L3netDemoData/LungMasks/3_z194.png
L3netDemoData/OpenSourceDCMs/DCM2/m005-s0024-2.dcm,L3netDemoData/InfectionMasks/2_z024.png,L3netDemoData/LungMasks/2_z024.png
L3netDemoData/OpenSourceDCMs/DCM4/m007-s0030-4.dcm,L3netDemoData/InfectionMasks/4_z030.png,L3netDemoData/LungMasks/4_z030.png
L3netDemoData/OpenSourceDCMs/DCM3/m004-s0105-3.dcm,L3netDemoData/InfectionMasks/3_z105.png,L3netDemoData/LungMasks/3_z105.png
L3netDemoData/OpenSourceDCMs/DCM3/m004-s0188-3.dcm,L3netDemoData/InfectionMasks/3_z188.png,L3netDemoData/LungMasks/3_z188.png
L3netDemoData/OpenSourceDCMs/DCM4/m007-s0021-4.dcm,L3netDemoData/InfectionMasks/4_z021.png,L3netDemoData/LungMasks/4_z021.png
L3netDemoData/OpenSourceDCMs/DCM3/m004-s0153-3.dcm,L3netDemoData/InfectionMasks/3_z153.png,L3netDemoData/LungMasks/3_z153.png
L3netDemoData/OpenSourceDCMs/DCM3/m004-s0005-3.dcm,L3netDemoData/InfectionMasks/3_z005.png,L3netDemoData/LungMasks/3_z005.png
L3netDemoData/OpenSourceDCMs/DCM8/m011-s0015-8.dcm,L3netDemoData/InfectionMasks/8_z015.png,L3netDemoData/LungMasks/8_z015.png
L3netDemoData/OpenSourceDCMs/DCM3/m004-s0034-3.dcm,L3netDemoData/InfectionMasks/3_z034.png,L3netDemoData/LungMasks/3_z034.png
L3netDemoData/OpenSourceDCMs/DCM3/m004-s0042-3.dcm,L3netDemoData/InfectionMasks/3_z042.png,L3netDemoData/LungMasks/3_z042.png
L3netDemoData/OpenSourceDCMs/DCM9/m012-s0088-9.dcm,L3netDemoData/InfectionMasks/9_z088.png,L3netDemoData/LungMasks/9_z088.png
L3netDemoData/OpenSourceDCMs/DCM3/m004-s0206-3.dcm,L3netDemoData/InfectionMasks/3_z206.png,L3netDemoData/LungMasks/3_z206.png
L3netDemoData/OpenSourceDCMs/DCM3/m004-s0155-3.dcm,L3netDemoData/InfectionMasks/3_z155.png,L3netDemoData/LungMasks/3_z155.png
L3netDemoData/OpenSourceDCMs/DCM1/m006-s0001-1.dcm,L3netDemoData/InfectionMasks/1_z001.png,L3netDemoData/LungMasks/1_z001.png
L3netDemoData/OpenSourceDCMs/DCM9/m012-s0085-9.dcm,L3netDemoData/InfectionMasks/9_z085.png,L3netDemoData/LungMasks/9_z085.png
L3netDemoData/OpenSourceDCMs/DCM5/m008-s0032-5.dcm,L3netDemoData/InfectionMasks/5_z032.png,L3netDemoData/LungMasks/5_z032.png
L3netDemoData/OpenSourceDCMs/DCM9/m012-s0003-9.dcm,L3netDemoData/InfectionMasks/9_z003.png,L3netDemoData/LungMasks/9_z003.png
L3netDemoData/OpenSourceDCMs/DCM3/m004-s0312-3.dcm,L3netDemoData/InfectionMasks/3_z312.png,L3netDemoData/LungMasks/3_z312.png
L3netDemoData/OpenSourceDCMs/DCM3/m004-s0396-3.dcm,L3netDemoData/InfectionMasks/3_z396.png,L3netDemoData/LungMasks/3_z396.png
L3netDemoData/OpenSourceDCMs/DCM3/m004-s0403-3.dcm,L3netDemoData/InfectionMasks/3_z403.png,L3netDemoData/LungMasks/3_z403.png
L3netDemoData/OpenSourceDCMs/DCM3/m004-s0195-3.dcm,L3netDemoData/InfectionMasks/3_z195.png,L3netDemoData/LungMasks/3_z195.png
L3netDemoData/OpenSourceDCMs/DCM9/m012-s0044-9.dcm,L3netDemoData/InfectionMasks/9_z044.png,L3netDemoData/LungMasks/9_z044.png
L3netDemoData/OpenSourceDCMs/DCM3/m004-s0033-3.dcm,L3netDemoData/InfectionMasks/3_z033.png,L3netDemoData/LungMasks/3_z033.png
L3netDemoData/OpenSourceDCMs/DCM3/m004-s0145-3.dcm,L3netDemoData/InfectionMasks/3_z145.png,L3netDemoData/LungMasks/3_z145.png
L3netDemoData/OpenSourceDCMs/DCM5/m008-s0045-5.dcm,L3netDemoData/InfectionMasks/5_z045.png,L3netDemoData/LungMasks/5_z045.png
L3netDemoData/OpenSourceDCMs/DCM3/m004-s0356-3.dcm,L3netDemoData/InfectionMasks/3_z356.png,L3netDemoData/LungMasks/3_z356.png
L3netDemoData/OpenSourceDCMs/DCM9/m012-s0030-9.dcm,L3netDemoData/InfectionMasks/9_z030.png,L3netDemoData/LungMasks/9_z030.png
L3netDemoData/OpenSourceDCMs/DCM3/m004-s0191-3.dcm,L3netDemoData/InfectionMasks/3_z191.png,L3netDemoData/LungMasks/3_z191.png
L3netDemoData/OpenSourceDCMs/DCM3/m004-s0235-3.dcm,L3netDemoData/InfectionMasks/3_z235.png,L3netDemoData/LungMasks/3_z235.png
L3netDemoData/OpenSourceDCMs/DCM5/m008-s0029-5.dcm,L3netDemoData/InfectionMasks/5_z029.png,L3netDemoData/LungMasks/5_z029.png
L3netDemoData/OpenSourceDCMs/DCM3/m004-s0061-3.dcm,L3netDemoData/InfectionMasks/3_z061.png,L3netDemoData/LungMasks/3_z061.png
L3netDemoData/OpenSourceDCMs/DCM5/m008-s0056-5.dcm,L3netDemoData/InfectionMasks/5_z056.png,L3netDemoData/LungMasks/5_z056.png
L3netDemoData/OpenSourceDCMs/DCM4/m007-s0024-4.dcm,L3netDemoData/InfectionMasks/4_z024.png,L3netDemoData/LungMasks/4_z024.png
L3netDemoData/OpenSourceDCMs/DCM9/m012-s0019-9.dcm,L3netDemoData/InfectionMasks/9_z019.png,L3netDemoData/LungMasks/9_z019.png
L3netDemoData/OpenSourceDCMs/DCM5/m008-s0064-5.dcm,L3netDemoData/InfectionMasks/5_z064.png,L3netDemoData/LungMasks/5_z064.png
L3netDemoData/OpenSourceDCMs/DCM3/m004-s0286-3.dcm,L3netDemoData/InfectionMasks/3_z286.png,L3netDemoData/LungMasks/3_z286.png
L3netDemoData/OpenSourceDCMs/DCM3/m004-s0185-3.dcm,L3netDemoData/InfectionMasks/3_z185.png,L3netDemoData/LungMasks/3_z185.png
L3netDemoData/OpenSourceDCMs/DCM5/m008-s0046-5.dcm,L3netDemoData/InfectionMasks/5_z046.png,L3netDemoData/LungMasks/5_z046.png
L3netDemoData/OpenSourceDCMs/DCM3/m004-s0224-3.dcm,L3netDemoData/InfectionMasks/3_z224.png,L3netDemoData/LungMasks/3_z224.png
L3netDemoData/OpenSourceDCMs/DCM3/m004-s0227-3.dcm,L3netDemoData/InfectionMasks/3_z227.png,L3netDemoData/LungMasks/3_z227.png
L3netDemoData/OpenSourceDCMs/DCM6/m009-s0035-6.dcm,L3netDemoData/InfectionMasks/6_z035.png,L3netDemoData/LungMasks/6_z035.png
L3netDemoData/OpenSourceDCMs/DCM2/m005-s0002-2.dcm,L3netDemoData/InfectionMasks/2_z002.png,L3netDemoData/LungMasks/2_z002.png
L3netDemoData/OpenSourceDCMs/DCM3/m004-s0266-3.dcm,L3netDemoData/InfectionMasks/3_z266.png,L3netDemoData/LungMasks/3_z266.png
L3netDemoData/OpenSourceDCMs/DCM3/m004-s0288-3.dcm,L3netDemoData/InfectionMasks/3_z288.png,L3netDemoData/LungMasks/3_z288.png
L3netDemoData/OpenSourceDCMs/DCM5/m008-s0001-5.dcm,L3netDemoData/InfectionMasks/5_z001.png,L3netDemoData/LungMasks/5_z001.png
L3netDemoData/OpenSourceDCMs/DCM3/m004-s0178-3.dcm,L3netDemoData/InfectionMasks/3_z178.png,L3netDemoData/LungMasks/3_z178.png
L3netDemoData/OpenSourceDCMs/DCM3/m004-s0112-3.dcm,L3netDemoData/InfectionMasks/3_z112.png,L3netDemoData/LungMasks/3_z112.png
L3netDemoData/OpenSourceDCMs/DCM9/m012-s0093-9.dcm,L3netDemoData/InfectionMasks/9_z093.png,L3netDemoData/LungMasks/9_z093.png
L3netDemoData/OpenSourceDCMs/DCM8/m011-s0005-8.dcm,L3netDemoData/InfectionMasks/8_z005.png,L3netDemoData/LungMasks/8_z005.png
L3netDemoData/OpenSourceDCMs/DCM3/m004-s0024-3.dcm,L3netDemoData/InfectionMasks/3_z024.png,L3netDemoData/LungMasks/3_z024.png
L3netDemoData/OpenSourceDCMs/DCM2/m005-s0015-2.dcm,L3netDemoData/InfectionMasks/2_z015.png,L3netDemoData/LungMasks/2_z015.png
L3netDemoData/OpenSourceDCMs/DCM7/m010-s0018-7.dcm,L3netDemoData/InfectionMasks/7_z018.png,L3netDemoData/LungMasks/7_z018.png
L3netDemoData/OpenSourceDCMs/DCM5/m008-s0007-5.dcm,L3netDemoData/InfectionMasks/5_z007.png,L3netDemoData/LungMasks/5_z007.png
L3netDemoData/OpenSourceDCMs/DCM3/m004-s0017-3.dcm,L3netDemoData/InfectionMasks/3_z017.png,L3netDemoData/LungMasks/3_z017.png
L3netDemoData/OpenSourceDCMs/DCM9/m012-s0002-9.dcm,L3netDemoData/InfectionMasks/9_z002.png,L3netDemoData/LungMasks/9_z002.png
L3netDemoData/OpenSourceDCMs/DCM9/m012-s0010-9.dcm,L3netDemoData/InfectionMasks/9_z010.png,L3netDemoData/LungMasks/9_z010.png
L3netDemoData/OpenSourceDCMs/DCM5/m008-s0062-5.dcm,L3netDemoData/InfectionMasks/5_z062.png,L3netDemoData/LungMasks/5_z062.png
L3netDemoData/OpenSourceDCMs/DCM9/m012-s0059-9.dcm,L3netDemoData/InfectionMasks/9_z059.png,L3netDemoData/LungMasks/9_z059.png
L3netDemoData/OpenSourceDCMs/DCM3/m004-s0096-3.dcm,L3netDemoData/InfectionMasks/3_z096.png,L3netDemoData/LungMasks/3_z096.png
L3netDemoData/OpenSourceDCMs/DCM3/m004-s0221-3.dcm,L3netDemoData/InfectionMasks/3_z221.png,L3netDemoData/LungMasks/3_z221.png
L3netDemoData/OpenSourceDCMs/DCM3/m004-s0365-3.dcm,L3netDemoData/InfectionMasks/3_z365.png,L3netDemoData/LungMasks/3_z365.png
L3netDemoData/OpenSourceDCMs/DCM3/m004-s0414-3.dcm,L3netDemoData/InfectionMasks/3_z414.png,L3netDemoData/LungMasks/3_z414.png
L3netDemoData/OpenSourceDCMs/DCM9/m012-s0064-9.dcm,L3netDemoData/InfectionMasks/9_z064.png,L3netDemoData/LungMasks/9_z064.png
L3netDemoData/OpenSourceDCMs/DCM3/m004-s0066-3.dcm,L3netDemoData/InfectionMasks/3_z066.png,L3netDemoData/LungMasks/3_z066.png
L3netDemoData/OpenSourceDCMs/DCM3/m004-s0041-3.dcm,L3netDemoData/InfectionMasks/3_z041.png,L3netDemoData/LungMasks/3_z041.png
L3netDemoData/OpenSourceDCMs/DCM7/m010-s0009-7.dcm,L3netDemoData/InfectionMasks/7_z009.png,L3netDemoData/LungMasks/7_z009.png
L3netDemoData/OpenSourceDCMs/DCM8/m011-s0031-8.dcm,L3netDemoData/InfectionMasks/8_z031.png,L3netDemoData/LungMasks/8_z031.png
L3netDemoData/OpenSourceDCMs/DCM3/m004-s0102-3.dcm,L3netDemoData/InfectionMasks/3_z102.png,L3netDemoData/LungMasks/3_z102.png
L3netDemoData/OpenSourceDCMs/DCM5/m008-s0019-5.dcm,L3netDemoData/InfectionMasks/5_z019.png,L3netDemoData/LungMasks/5_z019.png
L3netDemoData/OpenSourceDCMs/DCM2/m005-s0006-2.dcm,L3netDemoData/InfectionMasks/2_z006.png,L3netDemoData/LungMasks/2_z006.png
L3netDemoData/OpenSourceDCMs/DCM3/m004-s0417-3.dcm,L3netDemoData/InfectionMasks/3_z417.png,L3netDemoData/LungMasks/3_z417.png
L3netDemoData/OpenSourceDCMs/DCM3/m004-s0363-3.dcm,L3netDemoData/InfectionMasks/3_z363.png,L3netDemoData/LungMasks/3_z363.png
L3netDemoData/OpenSourceDCMs/DCM9/m012-s0083-9.dcm,L3netDemoData/InfectionMasks/9_z083.png,L3netDemoData/LungMasks/9_z083.png
L3netDemoData/OpenSourceDCMs/DCM9/m012-s0071-9.dcm,L3netDemoData/InfectionMasks/9_z071.png,L3netDemoData/LungMasks/9_z071.png
L3netDemoData/OpenSourceDCMs/DCM3/m004-s0238-3.dcm,L3netDemoData/InfectionMasks/3_z238.png,L3netDemoData/LungMasks/3_z238.png
L3netDemoData/OpenSourceDCMs/DCM3/m004-s0270-3.dcm,L3netDemoData/InfectionMasks/3_z270.png,L3netDemoData/LungMasks/3_z270.png
L3netDemoData/OpenSourceDCMs/DCM9/m012-s0032-9.dcm,L3netDemoData/InfectionMasks/9_z032.png,L3netDemoData/LungMasks/9_z032.png
L3netDemoData/OpenSourceDCMs/DCM3/m004-s0059-3.dcm,L3netDemoData/InfectionMasks/3_z059.png,L3netDemoData/LungMasks/3_z059.png
L3netDemoData/OpenSourceDCMs/DCM3/m004-s0287-3.dcm,L3netDemoData/InfectionMasks/3_z287.png,L3netDemoData/LungMasks/3_z287.png
L3netDemoData/OpenSourceDCMs/DCM3/m004-s0058-3.dcm,L3netDemoData/InfectionMasks/3_z058.png,L3netDemoData/LungMasks/3_z058.png
L3netDemoData/OpenSourceDCMs/DCM3/m004-s0316-3.dcm,L3netDemoData/InfectionMasks/3_z316.png,L3netDemoData/LungMasks/3_z316.png
L3netDemoData/OpenSourceDCMs/DCM3/m004-s0180-3.dcm,L3netDemoData/InfectionMasks/3_z180.png,L3netDemoData/LungMasks/3_z180.png
L3netDemoData/OpenSourceDCMs/DCM3/m004-s0237-3.dcm,L3netDemoData/InfectionMasks/3_z237.png,L3netDemoData/LungMasks/3_z237.png
L3netDemoData/OpenSourceDCMs/DCM1/m006-s0020-1.dcm,L3netDemoData/InfectionMasks/1_z020.png,L3netDemoData/LungMasks/1_z020.png
L3netDemoData/OpenSourceDCMs/DCM3/m004-s0089-3.dcm,L3netDemoData/InfectionMasks/3_z089.png,L3netDemoData/LungMasks/3_z089.png
L3netDemoData/OpenSourceDCMs/DCM7/m010-s0028-7.dcm,L3netDemoData/InfectionMasks/7_z028.png,L3netDemoData/LungMasks/7_z028.png
L3netDemoData/OpenSourceDCMs/DCM3/m004-s0229-3.dcm,L3netDemoData/InfectionMasks/3_z229.png,L3netDemoData/LungMasks/3_z229.png
L3netDemoData/OpenSourceDCMs/DCM3/m004-s0307-3.dcm,L3netDemoData/InfectionMasks/3_z307.png,L3netDemoData/LungMasks/3_z307.png
L3netDemoData/OpenSourceDCMs/DCM9/m012-s0038-9.dcm,L3netDemoData/InfectionMasks/9_z038.png,L3netDemoData/LungMasks/9_z038.png
L3netDemoData/OpenSourceDCMs/DCM1/m006-s0013-1.dcm,L3netDemoData/InfectionMasks/1_z013.png,L3netDemoData/LungMasks/1_z013.png
L3netDemoData/OpenSourceDCMs/DCM3/m004-s0324-3.dcm,L3netDemoData/InfectionMasks/3_z324.png,L3netDemoData/LungMasks/3_z324.png
L3netDemoData/OpenSourceDCMs/DCM3/m004-s0325-3.dcm,L3netDemoData/InfectionMasks/3_z325.png,L3netDemoData/LungMasks/3_z325.png
L3netDemoData/OpenSourceDCMs/DCM3/m004-s0222-3.dcm,L3netDemoData/InfectionMasks/3_z222.png,L3netDemoData/LungMasks/3_z222.png
L3netDemoData/OpenSourceDCMs/DCM3/m004-s0271-3.dcm,L3netDemoData/InfectionMasks/3_z271.png,L3netDemoData/LungMasks/3_z271.png
L3netDemoData/OpenSourceDCMs/DCM1/m006-s0026-1.dcm,L3netDemoData/InfectionMasks/1_z026.png,L3netDemoData/LungMasks/1_z026.png
L3netDemoData/OpenSourceDCMs/DCM6/m009-s0011-6.dcm,L3netDemoData/InfectionMasks/6_z011.png,L3netDemoData/LungMasks/6_z011.png
L3netDemoData/OpenSourceDCMs/DCM3/m004-s0086-3.dcm,L3netDemoData/InfectionMasks/3_z086.png,L3netDemoData/LungMasks/3_z086.png
L3netDemoData/OpenSourceDCMs/DCM1/m006-s0039-1.dcm,L3netDemoData/InfectionMasks/1_z039.png,L3netDemoData/LungMasks/1_z039.png
L3netDemoData/OpenSourceDCMs/DCM3/m004-s0092-3.dcm,L3netDemoData/InfectionMasks/3_z092.png,L3netDemoData/LungMasks/3_z092.png
L3netDemoData/OpenSourceDCMs/DCM3/m004-s0162-3.dcm,L3netDemoData/InfectionMasks/3_z162.png,L3netDemoData/LungMasks/3_z162.png
L3netDemoData/OpenSourceDCMs/DCM3/m004-s0215-3.dcm,L3netDemoData/InfectionMasks/3_z215.png,L3netDemoData/LungMasks/3_z215.png
L3netDemoData/OpenSourceDCMs/DCM8/m011-s0001-8.dcm,L3netDemoData/InfectionMasks/8_z001.png,L3netDemoData/LungMasks/8_z001.png
L3netDemoData/OpenSourceDCMs/DCM3/m004-s0333-3.dcm,L3netDemoData/InfectionMasks/3_z333.png,L3netDemoData/LungMasks/3_z333.png
L3netDemoData/OpenSourceDCMs/DCM9/m012-s0049-9.dcm,L3netDemoData/InfectionMasks/9_z049.png,L3netDemoData/LungMasks/9_z049.png
L3netDemoData/OpenSourceDCMs/DCM3/m004-s0189-3.dcm,L3netDemoData/InfectionMasks/3_z189.png,L3netDemoData/LungMasks/3_z189.png
L3netDemoData/OpenSourceDCMs/DCM3/m004-s0390-3.dcm,L3netDemoData/InfectionMasks/3_z390.png,L3netDemoData/LungMasks/3_z390.png
L3netDemoData/OpenSourceDCMs/DCM6/m009-s0027-6.dcm,L3netDemoData/InfectionMasks/6_z027.png,L3netDemoData/LungMasks/6_z027.png
L3netDemoData/OpenSourceDCMs/DCM3/m004-s0071-3.dcm,L3netDemoData/InfectionMasks/3_z071.png,L3netDemoData/LungMasks/3_z071.png
L3netDemoData/OpenSourceDCMs/DCM3/m004-s0043-3.dcm,L3netDemoData/InfectionMasks/3_z043.png,L3netDemoData/LungMasks/3_z043.png
L3netDemoData/OpenSourceDCMs/DCM3/m004-s0366-3.dcm,L3netDemoData/InfectionMasks/3_z366.png,L3netDemoData/LungMasks/3_z366.png
L3netDemoData/OpenSourceDCMs/DCM5/m008-s0050-5.dcm,L3netDemoData/InfectionMasks/5_z050.png,L3netDemoData/LungMasks/5_z050.png
L3netDemoData/OpenSourceDCMs/DCM3/m004-s0258-3.dcm,L3netDemoData/InfectionMasks/3_z258.png,L3netDemoData/LungMasks/3_z258.png
L3netDemoData/OpenSourceDCMs/DCM3/m004-s0347-3.dcm,L3netDemoData/InfectionMasks/3_z347.png,L3netDemoData/LungMasks/3_z347.png
L3netDemoData/OpenSourceDCMs/DCM3/m004-s0204-3.dcm,L3netDemoData/InfectionMasks/3_z204.png,L3netDemoData/LungMasks/3_z204.png
L3netDemoData/OpenSourceDCMs/DCM3/m004-s0030-3.dcm,L3netDemoData/InfectionMasks/3_z030.png,L3netDemoData/LungMasks/3_z030.png
L3netDemoData/OpenSourceDCMs/DCM4/m007-s0017-4.dcm,L3netDemoData/InfectionMasks/4_z017.png,L3netDemoData/LungMasks/4_z017.png
L3netDemoData/OpenSourceDCMs/DCM3/m004-s0090-3.dcm,L3netDemoData/InfectionMasks/3_z090.png,L3netDemoData/LungMasks/3_z090.png
L3netDemoData/OpenSourceDCMs/DCM3/m004-s0276-3.dcm,L3netDemoData/InfectionMasks/3_z276.png,L3netDemoData/LungMasks/3_z276.png
L3netDemoData/OpenSourceDCMs/DCM9/m012-s0053-9.dcm,L3netDemoData/InfectionMasks/9_z053.png,L3netDemoData/LungMasks/9_z053.png
L3netDemoData/OpenSourceDCMs/DCM2/m005-s0013-2.dcm,L3netDemoData/InfectionMasks/2_z013.png,L3netDemoData/LungMasks/2_z013.png
L3netDemoData/OpenSourceDCMs/DCM5/m008-s0030-5.dcm,L3netDemoData/InfectionMasks/5_z030.png,L3netDemoData/LungMasks/5_z030.png
L3netDemoData/OpenSourceDCMs/DCM3/m004-s0139-3.dcm,L3netDemoData/InfectionMasks/3_z139.png,L3netDemoData/LungMasks/3_z139.png
L3netDemoData/OpenSourceDCMs/DCM8/m011-s0022-8.dcm,L3netDemoData/InfectionMasks/8_z022.png,L3netDemoData/LungMasks/8_z022.png
L3netDemoData/OpenSourceDCMs/DCM3/m004-s0197-3.dcm,L3netDemoData/InfectionMasks/3_z197.png,L3netDemoData/LungMasks/3_z197.png
L3netDemoData/OpenSourceDCMs/DCM1/m006-s0018-1.dcm,L3netDemoData/InfectionMasks/1_z018.png,L3netDemoData/LungMasks/1_z018.png
L3netDemoData/OpenSourceDCMs/DCM3/m004-s0044-3.dcm,L3netDemoData/InfectionMasks/3_z044.png,L3netDemoData/LungMasks/3_z044.png
L3netDemoData/OpenSourceDCMs/DCM3/m004-s0239-3.dcm,L3netDemoData/InfectionMasks/3_z239.png,L3netDemoData/LungMasks/3_z239.png
L3netDemoData/OpenSourceDCMs/DCM3/m004-s0172-3.dcm,L3netDemoData/InfectionMasks/3_z172.png,L3netDemoData/LungMasks/3_z172.png
L3netDemoData/OpenSourceDCMs/DCM7/m010-s0022-7.dcm,L3netDemoData/InfectionMasks/7_z022.png,L3netDemoData/LungMasks/7_z022.png
L3netDemoData/OpenSourceDCMs/DCM3/m004-s0387-3.dcm,L3netDemoData/InfectionMasks/3_z387.png,L3netDemoData/LungMasks/3_z387.png
L3netDemoData/OpenSourceDCMs/DCM6/m009-s0012-6.dcm,L3netDemoData/InfectionMasks/6_z012.png,L3netDemoData/LungMasks/6_z012.png
L3netDemoData/OpenSourceDCMs/DCM3/m004-s0385-3.dcm,L3netDemoData/InfectionMasks/3_z385.png,L3netDemoData/LungMasks/3_z385.png
L3netDemoData/OpenSourceDCMs/DCM9/m012-s0062-9.dcm,L3netDemoData/InfectionMasks/9_z062.png,L3netDemoData/LungMasks/9_z062.png
L3netDemoData/OpenSourceDCMs/DCM3/m004-s0107-3.dcm,L3netDemoData/InfectionMasks/3_z107.png,L3netDemoData/LungMasks/3_z107.png
L3netDemoData/OpenSourceDCMs/DCM3/m004-s0032-3.dcm,L3netDemoData/InfectionMasks/3_z032.png,L3netDemoData/LungMasks/3_z032.png
L3netDemoData/OpenSourceDCMs/DCM9/m012-s0007-9.dcm,L3netDemoData/InfectionMasks/9_z007.png,L3netDemoData/LungMasks/9_z007.png
L3netDemoData/OpenSourceDCMs/DCM3/m004-s0097-3.dcm,L3netDemoData/InfectionMasks/3_z097.png,L3netDemoData/LungMasks/3_z097.png
L3netDemoData/OpenSourceDCMs/DCM3/m004-s0218-3.dcm,L3netDemoData/InfectionMasks/3_z218.png,L3netDemoData/LungMasks/3_z218.png
L3netDemoData/OpenSourceDCMs/DCM6/m009-s0032-6.dcm,L3netDemoData/InfectionMasks/6_z032.png,L3netDemoData/LungMasks/6_z032.png
L3netDemoData/OpenSourceDCMs/DCM9/m012-s0039-9.dcm,L3netDemoData/InfectionMasks/9_z039.png,L3netDemoData/LungMasks/9_z039.png
L3netDemoData/OpenSourceDCMs/DCM6/m009-s0004-6.dcm,L3netDemoData/InfectionMasks/6_z004.png,L3netDemoData/LungMasks/6_z004.png
L3netDemoData/OpenSourceDCMs/DCM5/m008-s0039-5.dcm,L3netDemoData/InfectionMasks/5_z039.png,L3netDemoData/LungMasks/5_z039.png
L3netDemoData/OpenSourceDCMs/DCM9/m012-s0060-9.dcm,L3netDemoData/InfectionMasks/9_z060.png,L3netDemoData/LungMasks/9_z060.png
L3netDemoData/OpenSourceDCMs/DCM4/m007-s0016-4.dcm,L3netDemoData/InfectionMasks/4_z016.png,L3netDemoData/LungMasks/4_z016.png
L3netDemoData/OpenSourceDCMs/DCM9/m012-s0079-9.dcm,L3netDemoData/InfectionMasks/9_z079.png,L3netDemoData/LungMasks/9_z079.png
L3netDemoData/OpenSourceDCMs/DCM2/m005-s0001-2.dcm,L3netDemoData/InfectionMasks/2_z001.png,L3netDemoData/LungMasks/2_z001.png
L3netDemoData/OpenSourceDCMs/DCM9/m012-s0018-9.dcm,L3netDemoData/InfectionMasks/9_z018.png,L3netDemoData/LungMasks/9_z018.png
L3netDemoData/OpenSourceDCMs/DCM3/m004-s0074-3.dcm,L3netDemoData/InfectionMasks/3_z074.png,L3netDemoData/LungMasks/3_z074.png
L3netDemoData/OpenSourceDCMs/DCM6/m009-s0019-6.dcm,L3netDemoData/InfectionMasks/6_z019.png,L3netDemoData/LungMasks/6_z019.png
L3netDemoData/OpenSourceDCMs/DCM3/m004-s0088-3.dcm,L3netDemoData/InfectionMasks/3_z088.png,L3netDemoData/LungMasks/3_z088.png
L3netDemoData/OpenSourceDCMs/DCM1/m006-s0017-1.dcm,L3netDemoData/InfectionMasks/1_z017.png,L3netDemoData/LungMasks/1_z017.png
L3netDemoData/OpenSourceDCMs/DCM4/m007-s0010-4.dcm,L3netDemoData/InfectionMasks/4_z010.png,L3netDemoData/LungMasks/4_z010.png
L3netDemoData/OpenSourceDCMs/DCM2/m005-s0004-2.dcm,L3netDemoData/InfectionMasks/2_z004.png,L3netDemoData/LungMasks/2_z004.png
L3netDemoData/OpenSourceDCMs/DCM9/m012-s0068-9.dcm,L3netDemoData/InfectionMasks/9_z068.png,L3netDemoData/LungMasks/9_z068.png
L3netDemoData/OpenSourceDCMs/DCM4/m007-s0014-4.dcm,L3netDemoData/InfectionMasks/4_z014.png,L3netDemoData/LungMasks/4_z014.png
L3netDemoData/OpenSourceDCMs/DCM5/m008-s0040-5.dcm,L3netDemoData/InfectionMasks/5_z040.png,L3netDemoData/LungMasks/5_z040.png
L3netDemoData/OpenSourceDCMs/DCM3/m004-s0397-3.dcm,L3netDemoData/InfectionMasks/3_z397.png,L3netDemoData/LungMasks/3_z397.png
L3netDemoData/OpenSourceDCMs/DCM3/m004-s0200-3.dcm,L3netDemoData/InfectionMasks/3_z200.png,L3netDemoData/LungMasks/3_z200.png
L3netDemoData/OpenSourceDCMs/DCM5/m008-s0014-5.dcm,L3netDemoData/InfectionMasks/5_z014.png,L3netDemoData/LungMasks/5_z014.png
L3netDemoData/OpenSourceDCMs/DCM3/m004-s0142-3.dcm,L3netDemoData/InfectionMasks/3_z142.png,L3netDemoData/LungMasks/3_z142.png
L3netDemoData/OpenSourceDCMs/DCM1/m006-s0027-1.dcm,L3netDemoData/InfectionMasks/1_z027.png,L3netDemoData/LungMasks/1_z027.png
L3netDemoData/OpenSourceDCMs/DCM7/m010-s0005-7.dcm,L3netDemoData/InfectionMasks/7_z005.png,L3netDemoData/LungMasks/7_z005.png
L3netDemoData/OpenSourceDCMs/DCM3/m004-s0354-3.dcm,L3netDemoData/InfectionMasks/3_z354.png,L3netDemoData/LungMasks/3_z354.png
L3netDemoData/OpenSourceDCMs/DCM3/m004-s0281-3.dcm,L3netDemoData/InfectionMasks/3_z281.png,L3netDemoData/LungMasks/3_z281.png
L3netDemoData/OpenSourceDCMs/DCM3/m004-s0146-3.dcm,L3netDemoData/InfectionMasks/3_z146.png,L3netDemoData/LungMasks/3_z146.png
L3netDemoData/OpenSourceDCMs/DCM1/m006-s0038-1.dcm,L3netDemoData/InfectionMasks/1_z038.png,L3netDemoData/LungMasks/1_z038.png
L3netDemoData/OpenSourceDCMs/DCM9/m012-s0063-9.dcm,L3netDemoData/InfectionMasks/9_z063.png,L3netDemoData/LungMasks/9_z063.png
L3netDemoData/OpenSourceDCMs/DCM3/m004-s0291-3.dcm,L3netDemoData/InfectionMasks/3_z291.png,L3netDemoData/LungMasks/3_z291.png
L3netDemoData/OpenSourceDCMs/DCM3/m004-s0386-3.dcm,L3netDemoData/InfectionMasks/3_z386.png,L3netDemoData/LungMasks/3_z386.png
L3netDemoData/OpenSourceDCMs/DCM9/m012-s0065-9.dcm,L3netDemoData/InfectionMasks/9_z065.png,L3netDemoData/LungMasks/9_z065.png
L3netDemoData/OpenSourceDCMs/DCM8/m011-s0016-8.dcm,L3netDemoData/InfectionMasks/8_z016.png,L3netDemoData/LungMasks/8_z016.png
L3netDemoData/OpenSourceDCMs/DCM6/m009-s0024-6.dcm,L3netDemoData/InfectionMasks/6_z024.png,L3netDemoData/LungMasks/6_z024.png
L3netDemoData/OpenSourceDCMs/DCM3/m004-s0111-3.dcm,L3netDemoData/InfectionMasks/3_z111.png,L3netDemoData/LungMasks/3_z111.png
L3netDemoData/OpenSourceDCMs/DCM8/m011-s0018-8.dcm,L3netDemoData/InfectionMasks/8_z018.png,L3netDemoData/LungMasks/8_z018.png
L3netDemoData/OpenSourceDCMs/DCM8/m011-s0027-8.dcm,L3netDemoData/InfectionMasks/8_z027.png,L3netDemoData/LungMasks/8_z027.png
L3netDemoData/OpenSourceDCMs/DCM4/m007-s0002-4.dcm,L3netDemoData/InfectionMasks/4_z002.png,L3netDemoData/LungMasks/4_z002.png
L3netDemoData/OpenSourceDCMs/DCM9/m012-s0067-9.dcm,L3netDemoData/InfectionMasks/9_z067.png,L3netDemoData/LungMasks/9_z067.png
L3netDemoData/OpenSourceDCMs/DCM8/m011-s0002-8.dcm,L3netDemoData/InfectionMasks/8_z002.png,L3netDemoData/LungMasks/8_z002.png
L3netDemoData/OpenSourceDCMs/DCM9/m012-s0066-9.dcm,L3netDemoData/InfectionMasks/9_z066.png,L3netDemoData/LungMasks/9_z066.png
L3netDemoData/OpenSourceDCMs/DCM3/m004-s0079-3.dcm,L3netDemoData/InfectionMasks/3_z079.png,L3netDemoData/LungMasks/3_z079.png
L3netDemoData/OpenSourceDCMs/DCM8/m011-s0028-8.dcm,L3netDemoData/InfectionMasks/8_z028.png,L3netDemoData/LungMasks/8_z028.png
L3netDemoData/OpenSourceDCMs/DCM3/m004-s0069-3.dcm,L3netDemoData/InfectionMasks/3_z069.png,L3netDemoData/LungMasks/3_z069.png
L3netDemoData/OpenSourceDCMs/DCM5/m008-s0035-5.dcm,L3netDemoData/InfectionMasks/5_z035.png,L3netDemoData/LungMasks/5_z035.png
L3netDemoData/OpenSourceDCMs/DCM5/m008-s0051-5.dcm,L3netDemoData/InfectionMasks/5_z051.png,L3netDemoData/LungMasks/5_z051.png
L3netDemoData/OpenSourceDCMs/DCM6/m009-s0028-6.dcm,L3netDemoData/InfectionMasks/6_z028.png,L3netDemoData/LungMasks/6_z028.png
L3netDemoData/OpenSourceDCMs/DCM3/m004-s0028-3.dcm,L3netDemoData/InfectionMasks/3_z028.png,L3netDemoData/LungMasks/3_z028.png
L3netDemoData/OpenSourceDCMs/DCM3/m004-s0143-3.dcm,L3netDemoData/InfectionMasks/3_z143.png,L3netDemoData/LungMasks/3_z143.png
L3netDemoData/OpenSourceDCMs/DCM5/m008-s0041-5.dcm,L3netDemoData/InfectionMasks/5_z041.png,L3netDemoData/LungMasks/5_z041.png
L3netDemoData/OpenSourceDCMs/DCM3/m004-s0020-3.dcm,L3netDemoData/InfectionMasks/3_z020.png,L3netDemoData/LungMasks/3_z020.png
L3netDemoData/OpenSourceDCMs/DCM3/m004-s0338-3.dcm,L3netDemoData/InfectionMasks/3_z338.png,L3netDemoData/LungMasks/3_z338.png
L3netDemoData/OpenSourceDCMs/DCM3/m004-s0336-3.dcm,L3netDemoData/InfectionMasks/3_z336.png,L3netDemoData/LungMasks/3_z336.png
L3netDemoData/OpenSourceDCMs/DCM3/m004-s0036-3.dcm,L3netDemoData/InfectionMasks/3_z036.png,L3netDemoData/LungMasks/3_z036.png
L3netDemoData/OpenSourceDCMs/DCM2/m005-s0009-2.dcm,L3netDemoData/InfectionMasks/2_z009.png,L3netDemoData/LungMasks/2_z009.png
L3netDemoData/OpenSourceDCMs/DCM3/m004-s0068-3.dcm,L3netDemoData/InfectionMasks/3_z068.png,L3netDemoData/LungMasks/3_z068.png
L3netDemoData/OpenSourceDCMs/DCM3/m004-s0320-3.dcm,L3netDemoData/InfectionMasks/3_z320.png,L3netDemoData/LungMasks/3_z320.png
L3netDemoData/OpenSourceDCMs/DCM9/m012-s0046-9.dcm,L3netDemoData/InfectionMasks/9_z046.png,L3netDemoData/LungMasks/9_z046.png
L3netDemoData/OpenSourceDCMs/DCM3/m004-s0124-3.dcm,L3netDemoData/InfectionMasks/3_z124.png,L3netDemoData/LungMasks/3_z124.png
L3netDemoData/OpenSourceDCMs/DCM9/m012-s0005-9.dcm,L3netDemoData/InfectionMasks/9_z005.png,L3netDemoData/LungMasks/9_z005.png
L3netDemoData/OpenSourceDCMs/DCM6/m009-s0034-6.dcm,L3netDemoData/InfectionMasks/6_z034.png,L3netDemoData/LungMasks/6_z034.png
L3netDemoData/OpenSourceDCMs/DCM1/m006-s0009-1.dcm,L3netDemoData/InfectionMasks/1_z009.png,L3netDemoData/LungMasks/1_z009.png
L3netDemoData/OpenSourceDCMs/DCM8/m011-s0026-8.dcm,L3netDemoData/InfectionMasks/8_z026.png,L3netDemoData/LungMasks/8_z026.png
L3netDemoData/OpenSourceDCMs/DCM1/m006-s0037-1.dcm,L3netDemoData/InfectionMasks/1_z037.png,L3netDemoData/LungMasks/1_z037.png
L3netDemoData/OpenSourceDCMs/DCM3/m004-s0369-3.dcm,L3netDemoData/InfectionMasks/3_z369.png,L3netDemoData/LungMasks/3_z369.png
L3netDemoData/OpenSourceDCMs/DCM3/m004-s0170-3.dcm,L3netDemoData/InfectionMasks/3_z170.png,L3netDemoData/LungMasks/3_z170.png
L3netDemoData/OpenSourceDCMs/DCM3/m004-s0220-3.dcm,L3netDemoData/InfectionMasks/3_z220.png,L3netDemoData/LungMasks/3_z220.png
L3netDemoData/OpenSourceDCMs/DCM6/m009-s0020-6.dcm,L3netDemoData/InfectionMasks/6_z020.png,L3netDemoData/LungMasks/6_z020.png
L3netDemoData/OpenSourceDCMs/DCM5/m008-s0031-5.dcm,L3netDemoData/InfectionMasks/5_z031.png,L3netDemoData/LungMasks/5_z031.png
L3netDemoData/OpenSourceDCMs/DCM5/m008-s0058-5.dcm,L3netDemoData/InfectionMasks/5_z058.png,L3netDemoData/LungMasks/5_z058.png
L3netDemoData/OpenSourceDCMs/DCM5/m008-s0066-5.dcm,L3netDemoData/InfectionMasks/5_z066.png,L3netDemoData/LungMasks/5_z066.png
L3netDemoData/OpenSourceDCMs/DCM3/m004-s0179-3.dcm,L3netDemoData/InfectionMasks/3_z179.png,L3netDemoData/LungMasks/3_z179.png
L3netDemoData/OpenSourceDCMs/DCM3/m004-s0214-3.dcm,L3netDemoData/InfectionMasks/3_z214.png,L3netDemoData/LungMasks/3_z214.png
L3netDemoData/OpenSourceDCMs/DCM3/m004-s0331-3.dcm,L3netDemoData/InfectionMasks/3_z331.png,L3netDemoData/LungMasks/3_z331.png
L3netDemoData/OpenSourceDCMs/DCM3/m004-s0067-3.dcm,L3netDemoData/InfectionMasks/3_z067.png,L3netDemoData/LungMasks/3_z067.png
L3netDemoData/OpenSourceDCMs/DCM7/m010-s0011-7.dcm,L3netDemoData/InfectionMasks/7_z011.png,L3netDemoData/LungMasks/7_z011.png
L3netDemoData/OpenSourceDCMs/DCM9/m012-s0001-9.dcm,L3netDemoData/InfectionMasks/9_z001.png,L3netDemoData/LungMasks/9_z001.png
L3netDemoData/OpenSourceDCMs/DCM5/m008-s0010-5.dcm,L3netDemoData/InfectionMasks/5_z010.png,L3netDemoData/LungMasks/5_z010.png
L3netDemoData/OpenSourceDCMs/DCM3/m004-s0405-3.dcm,L3netDemoData/InfectionMasks/3_z405.png,L3netDemoData/LungMasks/3_z405.png
L3netDemoData/OpenSourceDCMs/DCM3/m004-s0064-3.dcm,L3netDemoData/InfectionMasks/3_z064.png,L3netDemoData/LungMasks/3_z064.png
L3netDemoData/OpenSourceDCMs/DCM3/m004-s0063-3.dcm,L3netDemoData/InfectionMasks/3_z063.png,L3netDemoData/LungMasks/3_z063.png
L3netDemoData/OpenSourceDCMs/DCM8/m011-s0006-8.dcm,L3netDemoData/InfectionMasks/8_z006.png,L3netDemoData/LungMasks/8_z006.png
L3netDemoData/OpenSourceDCMs/DCM9/m012-s0035-9.dcm,L3netDemoData/InfectionMasks/9_z035.png,L3netDemoData/LungMasks/9_z035.png
L3netDemoData/OpenSourceDCMs/DCM6/m009-s0015-6.dcm,L3netDemoData/InfectionMasks/6_z015.png,L3netDemoData/LungMasks/6_z015.png
L3netDemoData/OpenSourceDCMs/DCM3/m004-s0265-3.dcm,L3netDemoData/InfectionMasks/3_z265.png,L3netDemoData/LungMasks/3_z265.png
L3netDemoData/OpenSourceDCMs/DCM3/m004-s0380-3.dcm,L3netDemoData/InfectionMasks/3_z380.png,L3netDemoData/LungMasks/3_z380.png
L3netDemoData/OpenSourceDCMs/DCM3/m004-s0242-3.dcm,L3netDemoData/InfectionMasks/3_z242.png,L3netDemoData/LungMasks/3_z242.png
L3netDemoData/OpenSourceDCMs/DCM3/m004-s0103-3.dcm,L3netDemoData/InfectionMasks/3_z103.png,L3netDemoData/LungMasks/3_z103.png
L3netDemoData/OpenSourceDCMs/DCM3/m004-s0040-3.dcm,L3netDemoData/InfectionMasks/3_z040.png,L3netDemoData/LungMasks/3_z040.png
L3netDemoData/OpenSourceDCMs/DCM8/m011-s0017-8.dcm,L3netDemoData/InfectionMasks/8_z017.png,L3netDemoData/LungMasks/8_z017.png
L3netDemoData/OpenSourceDCMs/DCM3/m004-s0060-3.dcm,L3netDemoData/InfectionMasks/3_z060.png,L3netDemoData/LungMasks/3_z060.png
L3netDemoData/OpenSourceDCMs/DCM9/m012-s0057-9.dcm,L3netDemoData/InfectionMasks/9_z057.png,L3netDemoData/LungMasks/9_z057.png
L3netDemoData/OpenSourceDCMs/DCM3/m004-s0114-3.dcm,L3netDemoData/InfectionMasks/3_z114.png,L3netDemoData/LungMasks/3_z114.png
L3netDemoData/OpenSourceDCMs/DCM6/m009-s0003-6.dcm,L3netDemoData/InfectionMasks/6_z003.png,L3netDemoData/LungMasks/6_z003.png
L3netDemoData/OpenSourceDCMs/DCM3/m004-s0196-3.dcm,L3netDemoData/InfectionMasks/3_z196.png,L3netDemoData/LungMasks/3_z196.png
L3netDemoData/OpenSourceDCMs/DCM3/m004-s0210-3.dcm,L3netDemoData/InfectionMasks/3_z210.png,L3netDemoData/LungMasks/3_z210.png
L3netDemoData/OpenSourceDCMs/DCM3/m004-s0317-3.dcm,L3netDemoData/InfectionMasks/3_z317.png,L3netDemoData/LungMasks/3_z317.png
L3netDemoData/OpenSourceDCMs/DCM3/m004-s0039-3.dcm,L3netDemoData/InfectionMasks/3_z039.png,L3netDemoData/LungMasks/3_z039.png
L3netDemoData/OpenSourceDCMs/DCM3/m004-s0100-3.dcm,L3netDemoData/InfectionMasks/3_z100.png,L3netDemoData/LungMasks/3_z100.png
L3netDemoData/OpenSourceDCMs/DCM3/m004-s0119-3.dcm,L3netDemoData/InfectionMasks/3_z119.png,L3netDemoData/LungMasks/3_z119.png
L3netDemoData/OpenSourceDCMs/DCM3/m004-s0355-3.dcm,L3netDemoData/InfectionMasks/3_z355.png,L3netDemoData/LungMasks/3_z355.png
L3netDemoData/OpenSourceDCMs/DCM3/m004-s0163-3.dcm,L3netDemoData/InfectionMasks/3_z163.png,L3netDemoData/LungMasks/3_z163.png
L3netDemoData/OpenSourceDCMs/DCM3/m004-s0332-3.dcm,L3netDemoData/InfectionMasks/3_z332.png,L3netDemoData/LungMasks/3_z332.png
L3netDemoData/OpenSourceDCMs/DCM8/m011-s0045-8.dcm,L3netDemoData/InfectionMasks/8_z045.png,L3netDemoData/LungMasks/8_z045.png
L3netDemoData/OpenSourceDCMs/DCM3/m004-s0046-3.dcm,L3netDemoData/InfectionMasks/3_z046.png,L3netDemoData/LungMasks/3_z046.png
L3netDemoData/OpenSourceDCMs/DCM3/m004-s0319-3.dcm,L3netDemoData/InfectionMasks/3_z319.png,L3netDemoData/LungMasks/3_z319.png
L3netDemoData/OpenSourceDCMs/DCM7/m010-s0007-7.dcm,L3netDemoData/InfectionMasks/7_z007.png,L3netDemoData/LungMasks/7_z007.png
L3netDemoData/OpenSourceDCMs/DCM7/m010-s0020-7.dcm,L3netDemoData/InfectionMasks/7_z020.png,L3netDemoData/LungMasks/7_z020.png
L3netDemoData/OpenSourceDCMs/DCM9/m012-s0020-9.dcm,L3netDemoData/InfectionMasks/9_z020.png,L3netDemoData/LungMasks/9_z020.png
L3netDemoData/OpenSourceDCMs/DCM3/m004-s0136-3.dcm,L3netDemoData/InfectionMasks/3_z136.png,L3netDemoData/LungMasks/3_z136.png
L3netDemoData/OpenSourceDCMs/DCM9/m012-s0022-9.dcm,L3netDemoData/InfectionMasks/9_z022.png,L3netDemoData/LungMasks/9_z022.png
L3netDemoData/OpenSourceDCMs/DCM6/m009-s0025-6.dcm,L3netDemoData/InfectionMasks/6_z025.png,L3netDemoData/LungMasks/6_z025.png
L3netDemoData/OpenSourceDCMs/DCM9/m012-s0025-9.dcm,L3netDemoData/InfectionMasks/9_z025.png,L3netDemoData/LungMasks/9_z025.png
L3netDemoData/OpenSourceDCMs/DCM6/m009-s0018-6.dcm,L3netDemoData/InfectionMasks/6_z018.png,L3netDemoData/LungMasks/6_z018.png
L3netDemoData/OpenSourceDCMs/DCM8/m011-s0008-8.dcm,L3netDemoData/InfectionMasks/8_z008.png,L3netDemoData/LungMasks/8_z008.png
L3netDemoData/OpenSourceDCMs/DCM7/m010-s0014-7.dcm,L3netDemoData/InfectionMasks/7_z014.png,L3netDemoData/LungMasks/7_z014.png
L3netDemoData/OpenSourceDCMs/DCM3/m004-s0303-3.dcm,L3netDemoData/InfectionMasks/3_z303.png,L3netDemoData/LungMasks/3_z303.png
L3netDemoData/OpenSourceDCMs/DCM9/m012-s0069-9.dcm,L3netDemoData/InfectionMasks/9_z069.png,L3netDemoData/LungMasks/9_z069.png
L3netDemoData/OpenSourceDCMs/DCM4/m007-s0008-4.dcm,L3netDemoData/InfectionMasks/4_z008.png,L3netDemoData/LungMasks/4_z008.png
L3netDemoData/OpenSourceDCMs/DCM3/m004-s0184-3.dcm,L3netDemoData/InfectionMasks/3_z184.png,L3netDemoData/LungMasks/3_z184.png
L3netDemoData/OpenSourceDCMs/DCM7/m010-s0036-7.dcm,L3netDemoData/InfectionMasks/7_z036.png,L3netDemoData/LungMasks/7_z036.png
L3netDemoData/OpenSourceDCMs/DCM3/m004-s0358-3.dcm,L3netDemoData/InfectionMasks/3_z358.png,L3netDemoData/LungMasks/3_z358.png
L3netDemoData/OpenSourceDCMs/DCM3/m004-s0413-3.dcm,L3netDemoData/InfectionMasks/3_z413.png,L3netDemoData/LungMasks/3_z413.png
L3netDemoData/OpenSourceDCMs/DCM3/m004-s0029-3.dcm,L3netDemoData/InfectionMasks/3_z029.png,L3netDemoData/LungMasks/3_z029.png
L3netDemoData/OpenSourceDCMs/DCM3/m004-s0149-3.dcm,L3netDemoData/InfectionMasks/3_z149.png,L3netDemoData/LungMasks/3_z149.png
L3netDemoData/OpenSourceDCMs/DCM8/m011-s0032-8.dcm,L3netDemoData/InfectionMasks/8_z032.png,L3netDemoData/LungMasks/8_z032.png
L3netDemoData/OpenSourceDCMs/DCM6/m009-s0001-6.dcm,L3netDemoData/InfectionMasks/6_z001.png,L3netDemoData/LungMasks/6_z001.png
L3netDemoData/OpenSourceDCMs/DCM3/m004-s0290-3.dcm,L3netDemoData/InfectionMasks/3_z290.png,L3netDemoData/LungMasks/3_z290.png
L3netDemoData/OpenSourceDCMs/DCM3/m004-s0150-3.dcm,L3netDemoData/InfectionMasks/3_z150.png,L3netDemoData/LungMasks/3_z150.png
L3netDemoData/OpenSourceDCMs/DCM7/m010-s0008-7.dcm,L3netDemoData/InfectionMasks/7_z008.png,L3netDemoData/LungMasks/7_z008.png
L3netDemoData/OpenSourceDCMs/DCM3/m004-s0234-3.dcm,L3netDemoData/InfectionMasks/3_z234.png,L3netDemoData/LungMasks/3_z234.png
L3netDemoData/OpenSourceDCMs/DCM3/m004-s0327-3.dcm,L3netDemoData/InfectionMasks/3_z327.png,L3netDemoData/LungMasks/3_z327.png
L3netDemoData/OpenSourceDCMs/DCM9/m012-s0009-9.dcm,L3netDemoData/InfectionMasks/9_z009.png,L3netDemoData/LungMasks/9_z009.png
L3netDemoData/OpenSourceDCMs/DCM3/m004-s0275-3.dcm,L3netDemoData/InfectionMasks/3_z275.png,L3netDemoData/LungMasks/3_z275.png
L3netDemoData/OpenSourceDCMs/DCM3/m004-s0175-3.dcm,L3netDemoData/InfectionMasks/3_z175.png,L3netDemoData/LungMasks/3_z175.png
L3netDemoData/OpenSourceDCMs/DCM6/m009-s0021-6.dcm,L3netDemoData/InfectionMasks/6_z021.png,L3netDemoData/LungMasks/6_z021.png
L3netDemoData/OpenSourceDCMs/DCM6/m009-s0026-6.dcm,L3netDemoData/InfectionMasks/6_z026.png,L3netDemoData/LungMasks/6_z026.png
L3netDemoData/OpenSourceDCMs/DCM3/m004-s0199-3.dcm,L3netDemoData/InfectionMasks/3_z199.png,L3netDemoData/LungMasks/3_z199.png
L3netDemoData/OpenSourceDCMs/DCM3/m004-s0293-3.dcm,L3netDemoData/InfectionMasks/3_z293.png,L3netDemoData/LungMasks/3_z293.png
L3netDemoData/OpenSourceDCMs/DCM3/m004-s0301-3.dcm,L3netDemoData/InfectionMasks/3_z301.png,L3netDemoData/LungMasks/3_z301.png
L3netDemoData/OpenSourceDCMs/DCM3/m004-s0141-3.dcm,L3netDemoData/InfectionMasks/3_z141.png,L3netDemoData/LungMasks/3_z141.png
L3netDemoData/OpenSourceDCMs/DCM9/m012-s0052-9.dcm,L3netDemoData/InfectionMasks/9_z052.png,L3netDemoData/LungMasks/9_z052.png
L3netDemoData/OpenSourceDCMs/DCM7/m010-s0032-7.dcm,L3netDemoData/InfectionMasks/7_z032.png,L3netDemoData/LungMasks/7_z032.png
L3netDemoData/OpenSourceDCMs/DCM3/m004-s0389-3.dcm,L3netDemoData/InfectionMasks/3_z389.png,L3netDemoData/LungMasks/3_z389.png
L3netDemoData/OpenSourceDCMs/DCM3/m004-s0264-3.dcm,L3netDemoData/InfectionMasks/3_z264.png,L3netDemoData/LungMasks/3_z264.png
L3netDemoData/OpenSourceDCMs/DCM4/m007-s0004-4.dcm,L3netDemoData/InfectionMasks/4_z004.png,L3netDemoData/LungMasks/4_z004.png
L3netDemoData/OpenSourceDCMs/DCM6/m009-s0033-6.dcm,L3netDemoData/InfectionMasks/6_z033.png,L3netDemoData/LungMasks/6_z033.png
L3netDemoData/OpenSourceDCMs/DCM9/m012-s0082-9.dcm,L3netDemoData/InfectionMasks/9_z082.png,L3netDemoData/LungMasks/9_z082.png
L3netDemoData/OpenSourceDCMs/DCM9/m012-s0033-9.dcm,L3netDemoData/InfectionMasks/9_z033.png,L3netDemoData/LungMasks/9_z033.png
L3netDemoData/OpenSourceDCMs/DCM9/m012-s0014-9.dcm,L3netDemoData/InfectionMasks/9_z014.png,L3netDemoData/LungMasks/9_z014.png
L3netDemoData/OpenSourceDCMs/DCM6/m009-s0013-6.dcm,L3netDemoData/InfectionMasks/6_z013.png,L3netDemoData/LungMasks/6_z013.png
L3netDemoData/OpenSourceDCMs/DCM8/m011-s0019-8.dcm,L3netDemoData/InfectionMasks/8_z019.png,L3netDemoData/LungMasks/8_z019.png
L3netDemoData/OpenSourceDCMs/DCM6/m009-s0039-6.dcm,L3netDemoData/InfectionMasks/6_z039.png,L3netDemoData/LungMasks/6_z039.png
L3netDemoData/OpenSourceDCMs/DCM9/m012-s0017-9.dcm,L3netDemoData/InfectionMasks/9_z017.png,L3netDemoData/LungMasks/9_z017.png
L3netDemoData/OpenSourceDCMs/DCM5/m008-s0016-5.dcm,L3netDemoData/InfectionMasks/5_z016.png,L3netDemoData/LungMasks/5_z016.png
L3netDemoData/OpenSourceDCMs/DCM5/m008-s0037-5.dcm,L3netDemoData/InfectionMasks/5_z037.png,L3netDemoData/LungMasks/5_z037.png
L3netDemoData/OpenSourceDCMs/DCM3/m004-s0002-3.dcm,L3netDemoData/InfectionMasks/3_z002.png,L3netDemoData/LungMasks/3_z002.png
L3netDemoData/OpenSourceDCMs/DCM3/m004-s0159-3.dcm,L3netDemoData/InfectionMasks/3_z159.png,L3netDemoData/LungMasks/3_z159.png
L3netDemoData/OpenSourceDCMs/DCM3/m004-s0076-3.dcm,L3netDemoData/InfectionMasks/3_z076.png,L3netDemoData/LungMasks/3_z076.png
L3netDemoData/OpenSourceDCMs/DCM4/m007-s0023-4.dcm,L3netDemoData/InfectionMasks/4_z023.png,L3netDemoData/LungMasks/4_z023.png
L3netDemoData/OpenSourceDCMs/DCM1/m006-s0036-1.dcm,L3netDemoData/InfectionMasks/1_z036.png,L3netDemoData/LungMasks/1_z036.png
L3netDemoData/OpenSourceDCMs/DCM4/m007-s0039-4.dcm,L3netDemoData/InfectionMasks/4_z039.png,L3netDemoData/LungMasks/4_z039.png
L3netDemoData/OpenSourceDCMs/DCM3/m004-s0087-3.dcm,L3netDemoData/InfectionMasks/3_z087.png,L3netDemoData/LungMasks/3_z087.png
L3netDemoData/OpenSourceDCMs/DCM7/m010-s0006-7.dcm,L3netDemoData/InfectionMasks/7_z006.png,L3netDemoData/LungMasks/7_z006.png
L3netDemoData/OpenSourceDCMs/DCM8/m011-s0021-8.dcm,L3netDemoData/InfectionMasks/8_z021.png,L3netDemoData/LungMasks/8_z021.png
L3netDemoData/OpenSourceDCMs/DCM8/m011-s0013-8.dcm,L3netDemoData/InfectionMasks/8_z013.png,L3netDemoData/LungMasks/8_z013.png
L3netDemoData/OpenSourceDCMs/DCM9/m012-s0045-9.dcm,L3netDemoData/InfectionMasks/9_z045.png,L3netDemoData/LungMasks/9_z045.png
L3netDemoData/OpenSourceDCMs/DCM3/m004-s0012-3.dcm,L3netDemoData/InfectionMasks/3_z012.png,L3netDemoData/LungMasks/3_z012.png
L3netDemoData/OpenSourceDCMs/DCM5/m008-s0023-5.dcm,L3netDemoData/InfectionMasks/5_z023.png,L3netDemoData/LungMasks/5_z023.png
L3netDemoData/OpenSourceDCMs/DCM3/m004-s0157-3.dcm,L3netDemoData/InfectionMasks/3_z157.png,L3netDemoData/LungMasks/3_z157.png
L3netDemoData/OpenSourceDCMs/DCM5/m008-s0034-5.dcm,L3netDemoData/InfectionMasks/5_z034.png,L3netDemoData/LungMasks/5_z034.png
L3netDemoData/OpenSourceDCMs/DCM3/m004-s0377-3.dcm,L3netDemoData/InfectionMasks/3_z377.png,L3netDemoData/LungMasks/3_z377.png
L3netDemoData/OpenSourceDCMs/DCM5/m008-s0013-5.dcm,L3netDemoData/InfectionMasks/5_z013.png,L3netDemoData/LungMasks/5_z013.png
L3netDemoData/OpenSourceDCMs/DCM8/m011-s0038-8.dcm,L3netDemoData/InfectionMasks/8_z038.png,L3netDemoData/LungMasks/8_z038.png
L3netDemoData/OpenSourceDCMs/DCM3/m004-s0123-3.dcm,L3netDemoData/InfectionMasks/3_z123.png,L3netDemoData/LungMasks/3_z123.png
L3netDemoData/OpenSourceDCMs/DCM3/m004-s0309-3.dcm,L3netDemoData/InfectionMasks/3_z309.png,L3netDemoData/LungMasks/3_z309.png
L3netDemoData/OpenSourceDCMs/DCM3/m004-s0314-3.dcm,L3netDemoData/InfectionMasks/3_z314.png,L3netDemoData/LungMasks/3_z314.png
L3netDemoData/OpenSourceDCMs/DCM8/m011-s0014-8.dcm,L3netDemoData/InfectionMasks/8_z014.png,L3netDemoData/LungMasks/8_z014.png
L3netDemoData/OpenSourceDCMs/DCM3/m004-s0134-3.dcm,L3netDemoData/InfectionMasks/3_z134.png,L3netDemoData/LungMasks/3_z134.png
L3netDemoData/OpenSourceDCMs/DCM1/m006-s0005-1.dcm,L3netDemoData/InfectionMasks/1_z005.png,L3netDemoData/LungMasks/1_z005.png
L3netDemoData/OpenSourceDCMs/DCM6/m009-s0036-6.dcm,L3netDemoData/InfectionMasks/6_z036.png,L3netDemoData/LungMasks/6_z036.png
L3netDemoData/OpenSourceDCMs/DCM9/m012-s0008-9.dcm,L3netDemoData/InfectionMasks/9_z008.png,L3netDemoData/LungMasks/9_z008.png
L3netDemoData/OpenSourceDCMs/DCM6/m009-s0006-6.dcm,L3netDemoData/InfectionMasks/6_z006.png,L3netDemoData/LungMasks/6_z006.png
L3netDemoData/OpenSourceDCMs/DCM5/m008-s0006-5.dcm,L3netDemoData/InfectionMasks/5_z006.png,L3netDemoData/LungMasks/5_z006.png
L3netDemoData/OpenSourceDCMs/DCM7/m010-s0035-7.dcm,L3netDemoData/InfectionMasks/7_z035.png,L3netDemoData/LungMasks/7_z035.png
L3netDemoData/OpenSourceDCMs/DCM3/m004-s0015-3.dcm,L3netDemoData/InfectionMasks/3_z015.png,L3netDemoData/LungMasks/3_z015.png
L3netDemoData/OpenSourceDCMs/DCM5/m008-s0033-5.dcm,L3netDemoData/InfectionMasks/5_z033.png,L3netDemoData/LungMasks/5_z033.png
L3netDemoData/OpenSourceDCMs/DCM3/m004-s0323-3.dcm,L3netDemoData/InfectionMasks/3_z323.png,L3netDemoData/LungMasks/3_z323.png
L3netDemoData/OpenSourceDCMs/DCM4/m007-s0001-4.dcm,L3netDemoData/InfectionMasks/4_z001.png,L3netDemoData/LungMasks/4_z001.png
L3netDemoData/OpenSourceDCMs/DCM2/m005-s0003-2.dcm,L3netDemoData/InfectionMasks/2_z003.png,L3netDemoData/LungMasks/2_z003.png
L3netDemoData/OpenSourceDCMs/DCM1/m006-s0033-1.dcm,L3netDemoData/InfectionMasks/1_z033.png,L3netDemoData/LungMasks/1_z033.png
L3netDemoData/OpenSourceDCMs/DCM3/m004-s0117-3.dcm,L3netDemoData/InfectionMasks/3_z117.png,L3netDemoData/LungMasks/3_z117.png
L3netDemoData/OpenSourceDCMs/DCM3/m004-s0051-3.dcm,L3netDemoData/InfectionMasks/3_z051.png,L3netDemoData/LungMasks/3_z051.png
L3netDemoData/OpenSourceDCMs/DCM1/m006-s0028-1.dcm,L3netDemoData/InfectionMasks/1_z028.png,L3netDemoData/LungMasks/1_z028.png
L3netDemoData/OpenSourceDCMs/DCM8/m011-s0040-8.dcm,L3netDemoData/InfectionMasks/8_z040.png,L3netDemoData/LungMasks/8_z040.png
L3netDemoData/OpenSourceDCMs/DCM3/m004-s0147-3.dcm,L3netDemoData/InfectionMasks/3_z147.png,L3netDemoData/LungMasks/3_z147.png
L3netDemoData/OpenSourceDCMs/DCM3/m004-s0406-3.dcm,L3netDemoData/InfectionMasks/3_z406.png,L3netDemoData/LungMasks/3_z406.png
L3netDemoData/OpenSourceDCMs/DCM3/m004-s0295-3.dcm,L3netDemoData/InfectionMasks/3_z295.png,L3netDemoData/LungMasks/3_z295.png
L3netDemoData/OpenSourceDCMs/DCM3/m004-s0205-3.dcm,L3netDemoData/InfectionMasks/3_z205.png,L3netDemoData/LungMasks/3_z205.png
L3netDemoData/OpenSourceDCMs/DCM3/m004-s0335-3.dcm,L3netDemoData/InfectionMasks/3_z335.png,L3netDemoData/LungMasks/3_z335.png
L3netDemoData/OpenSourceDCMs/DCM7/m010-s0026-7.dcm,L3netDemoData/InfectionMasks/7_z026.png,L3netDemoData/LungMasks/7_z026.png
L3netDemoData/OpenSourceDCMs/DCM3/m004-s0308-3.dcm,L3netDemoData/InfectionMasks/3_z308.png,L3netDemoData/LungMasks/3_z308.png
L3netDemoData/OpenSourceDCMs/DCM5/m008-s0052-5.dcm,L3netDemoData/InfectionMasks/5_z052.png,L3netDemoData/LungMasks/5_z052.png
L3netDemoData/OpenSourceDCMs/DCM3/m004-s0415-3.dcm,L3netDemoData/InfectionMasks/3_z415.png,L3netDemoData/LungMasks/3_z415.png
L3netDemoData/OpenSourceDCMs/DCM3/m004-s0055-3.dcm,L3netDemoData/InfectionMasks/3_z055.png,L3netDemoData/LungMasks/3_z055.png
L3netDemoData/OpenSourceDCMs/DCM2/m005-s0018-2.dcm,L3netDemoData/InfectionMasks/2_z018.png,L3netDemoData/LungMasks/2_z018.png
L3netDemoData/OpenSourceDCMs/DCM3/m004-s0388-3.dcm,L3netDemoData/InfectionMasks/3_z388.png,L3netDemoData/LungMasks/3_z388.png
L3netDemoData/OpenSourceDCMs/DCM6/m009-s0041-6.dcm,L3netDemoData/InfectionMasks/6_z041.png,L3netDemoData/LungMasks/6_z041.png
L3netDemoData/OpenSourceDCMs/DCM3/m004-s0045-3.dcm,L3netDemoData/InfectionMasks/3_z045.png,L3netDemoData/LungMasks/3_z045.png
L3netDemoData/OpenSourceDCMs/DCM9/m012-s0072-9.dcm,L3netDemoData/InfectionMasks/9_z072.png,L3netDemoData/LungMasks/9_z072.png
L3netDemoData/OpenSourceDCMs/DCM4/m007-s0019-4.dcm,L3netDemoData/InfectionMasks/4_z019.png,L3netDemoData/LungMasks/4_z019.png
L3netDemoData/OpenSourceDCMs/DCM2/m005-s0020-2.dcm,L3netDemoData/InfectionMasks/2_z020.png,L3netDemoData/LungMasks/2_z020.png
L3netDemoData/OpenSourceDCMs/DCM1/m006-s0015-1.dcm,L3netDemoData/InfectionMasks/1_z015.png,L3netDemoData/LungMasks/1_z015.png
L3netDemoData/OpenSourceDCMs/DCM3/m004-s0073-3.dcm,L3netDemoData/InfectionMasks/3_z073.png,L3netDemoData/LungMasks/3_z073.png
L3netDemoData/OpenSourceDCMs/DCM1/m006-s0041-1.dcm,L3netDemoData/InfectionMasks/1_z041.png,L3netDemoData/LungMasks/1_z041.png
L3netDemoData/OpenSourceDCMs/DCM3/m004-s0409-3.dcm,L3netDemoData/InfectionMasks/3_z409.png,L3netDemoData/LungMasks/3_z409.png
L3netDemoData/OpenSourceDCMs/DCM3/m004-s0296-3.dcm,L3netDemoData/InfectionMasks/3_z296.png,L3netDemoData/LungMasks/3_z296.png
L3netDemoData/OpenSourceDCMs/DCM3/m004-s0104-3.dcm,L3netDemoData/InfectionMasks/3_z104.png,L3netDemoData/LungMasks/3_z104.png
L3netDemoData/OpenSourceDCMs/DCM3/m004-s0133-3.dcm,L3netDemoData/InfectionMasks/3_z133.png,L3netDemoData/LungMasks/3_z133.png
L3netDemoData/OpenSourceDCMs/DCM2/m005-s0008-2.dcm,L3netDemoData/InfectionMasks/2_z008.png,L3netDemoData/LungMasks/2_z008.png
L3netDemoData/OpenSourceDCMs/DCM3/m004-s0254-3.dcm,L3netDemoData/InfectionMasks/3_z254.png,L3netDemoData/LungMasks/3_z254.png
L3netDemoData/OpenSourceDCMs/DCM8/m011-s0029-8.dcm,L3netDemoData/InfectionMasks/8_z029.png,L3netDemoData/LungMasks/8_z029.png
L3netDemoData/OpenSourceDCMs/DCM8/m011-s0034-8.dcm,L3netDemoData/InfectionMasks/8_z034.png,L3netDemoData/LungMasks/8_z034.png
L3netDemoData/OpenSourceDCMs/DCM3/m004-s0212-3.dcm,L3netDemoData/InfectionMasks/3_z212.png,L3netDemoData/LungMasks/3_z212.png
L3netDemoData/OpenSourceDCMs/DCM8/m011-s0011-8.dcm,L3netDemoData/InfectionMasks/8_z011.png,L3netDemoData/LungMasks/8_z011.png
L3netDemoData/OpenSourceDCMs/DCM3/m004-s0168-3.dcm,L3netDemoData/InfectionMasks/3_z168.png,L3netDemoData/LungMasks/3_z168.png
L3netDemoData/OpenSourceDCMs/DCM8/m011-s0036-8.dcm,L3netDemoData/InfectionMasks/8_z036.png,L3netDemoData/LungMasks/8_z036.png
L3netDemoData/OpenSourceDCMs/DCM3/m004-s0378-3.dcm,L3netDemoData/InfectionMasks/3_z378.png,L3netDemoData/LungMasks/3_z378.png
L3netDemoData/OpenSourceDCMs/DCM3/m004-s0372-3.dcm,L3netDemoData/InfectionMasks/3_z372.png,L3netDemoData/LungMasks/3_z372.png
L3netDemoData/OpenSourceDCMs/DCM9/m012-s0091-9.dcm,L3netDemoData/InfectionMasks/9_z091.png,L3netDemoData/LungMasks/9_z091.png
L3netDemoData/OpenSourceDCMs/DCM3/m004-s0186-3.dcm,L3netDemoData/InfectionMasks/3_z186.png,L3netDemoData/LungMasks/3_z186.png
L3netDemoData/OpenSourceDCMs/DCM3/m004-s0118-3.dcm,L3netDemoData/InfectionMasks/3_z118.png,L3netDemoData/LungMasks/3_z118.png
L3netDemoData/OpenSourceDCMs/DCM3/m004-s0078-3.dcm,L3netDemoData/InfectionMasks/3_z078.png,L3netDemoData/LungMasks/3_z078.png
L3netDemoData/OpenSourceDCMs/DCM5/m008-s0015-5.dcm,L3netDemoData/InfectionMasks/5_z015.png,L3netDemoData/LungMasks/5_z015.png
L3netDemoData/OpenSourceDCMs/DCM8/m011-s0039-8.dcm,L3netDemoData/InfectionMasks/8_z039.png,L3netDemoData/LungMasks/8_z039.png
L3netDemoData/OpenSourceDCMs/DCM3/m004-s0318-3.dcm,L3netDemoData/InfectionMasks/3_z318.png,L3netDemoData/LungMasks/3_z318.png
L3netDemoData/OpenSourceDCMs/DCM8/m011-s0012-8.dcm,L3netDemoData/InfectionMasks/8_z012.png,L3netDemoData/LungMasks/8_z012.png
L3netDemoData/OpenSourceDCMs/DCM3/m004-s0393-3.dcm,L3netDemoData/InfectionMasks/3_z393.png,L3netDemoData/LungMasks/3_z393.png
L3netDemoData/OpenSourceDCMs/DCM3/m004-s0022-3.dcm,L3netDemoData/InfectionMasks/3_z022.png,L3netDemoData/LungMasks/3_z022.png
L3netDemoData/OpenSourceDCMs/DCM5/m008-s0025-5.dcm,L3netDemoData/InfectionMasks/5_z025.png,L3netDemoData/LungMasks/5_z025.png
L3netDemoData/OpenSourceDCMs/DCM3/m004-s0306-3.dcm,L3netDemoData/InfectionMasks/3_z306.png,L3netDemoData/LungMasks/3_z306.png
L3netDemoData/OpenSourceDCMs/DCM1/m006-s0002-1.dcm,L3netDemoData/InfectionMasks/1_z002.png,L3netDemoData/LungMasks/1_z002.png
L3netDemoData/OpenSourceDCMs/DCM9/m012-s0040-9.dcm,L3netDemoData/InfectionMasks/9_z040.png,L3netDemoData/LungMasks/9_z040.png
L3netDemoData/OpenSourceDCMs/DCM5/m008-s0021-5.dcm,L3netDemoData/InfectionMasks/5_z021.png,L3netDemoData/LungMasks/5_z021.png
L3netDemoData/OpenSourceDCMs/DCM2/m005-s0036-2.dcm,L3netDemoData/InfectionMasks/2_z036.png,L3netDemoData/LungMasks/2_z036.png
L3netDemoData/OpenSourceDCMs/DCM3/m004-s0122-3.dcm,L3netDemoData/InfectionMasks/3_z122.png,L3netDemoData/LungMasks/3_z122.png
L3netDemoData/OpenSourceDCMs/DCM1/m006-s0035-1.dcm,L3netDemoData/InfectionMasks/1_z035.png,L3netDemoData/LungMasks/1_z035.png
L3netDemoData/OpenSourceDCMs/DCM4/m007-s0007-4.dcm,L3netDemoData/InfectionMasks/4_z007.png,L3netDemoData/LungMasks/4_z007.png
L3netDemoData/OpenSourceDCMs/DCM3/m004-s0344-3.dcm,L3netDemoData/InfectionMasks/3_z344.png,L3netDemoData/LungMasks/3_z344.png
L3netDemoData/OpenSourceDCMs/DCM3/m004-s0371-3.dcm,L3netDemoData/InfectionMasks/3_z371.png,L3netDemoData/LungMasks/3_z371.png
L3netDemoData/OpenSourceDCMs/DCM3/m004-s0283-3.dcm,L3netDemoData/InfectionMasks/3_z283.png,L3netDemoData/LungMasks/3_z283.png
L3netDemoData/OpenSourceDCMs/DCM3/m004-s0008-3.dcm,L3netDemoData/InfectionMasks/3_z008.png,L3netDemoData/LungMasks/3_z008.png
L3netDemoData/OpenSourceDCMs/DCM3/m004-s0256-3.dcm,L3netDemoData/InfectionMasks/3_z256.png,L3netDemoData/LungMasks/3_z256.png
L3netDemoData/OpenSourceDCMs/DCM5/m008-s0024-5.dcm,L3netDemoData/InfectionMasks/5_z024.png,L3netDemoData/LungMasks/5_z024.png
L3netDemoData/OpenSourceDCMs/DCM3/m004-s0262-3.dcm,L3netDemoData/InfectionMasks/3_z262.png,L3netDemoData/LungMasks/3_z262.png
L3netDemoData/OpenSourceDCMs/DCM3/m004-s0158-3.dcm,L3netDemoData/InfectionMasks/3_z158.png,L3netDemoData/LungMasks/3_z158.png
L3netDemoData/OpenSourceDCMs/DCM1/m006-s0014-1.dcm,L3netDemoData/InfectionMasks/1_z014.png,L3netDemoData/LungMasks/1_z014.png
L3netDemoData/OpenSourceDCMs/DCM3/m004-s0232-3.dcm,L3netDemoData/InfectionMasks/3_z232.png,L3netDemoData/LungMasks/3_z232.png
L3netDemoData/OpenSourceDCMs/DCM5/m008-s0060-5.dcm,L3netDemoData/InfectionMasks/5_z060.png,L3netDemoData/LungMasks/5_z060.png
L3netDemoData/OpenSourceDCMs/DCM3/m004-s0304-3.dcm,L3netDemoData/InfectionMasks/3_z304.png,L3netDemoData/LungMasks/3_z304.png
L3netDemoData/OpenSourceDCMs/DCM3/m004-s0190-3.dcm,L3netDemoData/InfectionMasks/3_z190.png,L3netDemoData/LungMasks/3_z190.png
L3netDemoData/OpenSourceDCMs/DCM3/m004-s0083-3.dcm,L3netDemoData/InfectionMasks/3_z083.png,L3netDemoData/LungMasks/3_z083.png
L3netDemoData/OpenSourceDCMs/DCM9/m012-s0087-9.dcm,L3netDemoData/InfectionMasks/9_z087.png,L3netDemoData/LungMasks/9_z087.png
L3netDemoData/OpenSourceDCMs/DCM6/m009-s0040-6.dcm,L3netDemoData/InfectionMasks/6_z040.png,L3netDemoData/LungMasks/6_z040.png
L3netDemoData/OpenSourceDCMs/DCM3/m004-s0401-3.dcm,L3netDemoData/InfectionMasks/3_z401.png,L3netDemoData/LungMasks/3_z401.png
L3netDemoData/OpenSourceDCMs/DCM9/m012-s0076-9.dcm,L3netDemoData/InfectionMasks/9_z076.png,L3netDemoData/LungMasks/9_z076.png
L3netDemoData/OpenSourceDCMs/DCM4/m007-s0003-4.dcm,L3netDemoData/InfectionMasks/4_z003.png,L3netDemoData/LungMasks/4_z003.png
L3netDemoData/OpenSourceDCMs/DCM3/m004-s0160-3.dcm,L3netDemoData/InfectionMasks/3_z160.png,L3netDemoData/LungMasks/3_z160.png
L3netDemoData/OpenSourceDCMs/DCM5/m008-s0026-5.dcm,L3netDemoData/InfectionMasks/5_z026.png,L3netDemoData/LungMasks/5_z026.png
L3netDemoData/OpenSourceDCMs/DCM5/m008-s0022-5.dcm,L3netDemoData/InfectionMasks/5_z022.png,L3netDemoData/LungMasks/5_z022.png
L3netDemoData/OpenSourceDCMs/DCM7/m010-s0038-7.dcm,L3netDemoData/InfectionMasks/7_z038.png,L3netDemoData/LungMasks/7_z038.png
L3netDemoData/OpenSourceDCMs/DCM3/m004-s0106-3.dcm,L3netDemoData/InfectionMasks/3_z106.png,L3netDemoData/LungMasks/3_z106.png
L3netDemoData/OpenSourceDCMs/DCM9/m012-s0047-9.dcm,L3netDemoData/InfectionMasks/9_z047.png,L3netDemoData/LungMasks/9_z047.png
L3netDemoData/OpenSourceDCMs/DCM8/m011-s0009-8.dcm,L3netDemoData/InfectionMasks/8_z009.png,L3netDemoData/LungMasks/8_z009.png
L3netDemoData/OpenSourceDCMs/DCM3/m004-s0392-3.dcm,L3netDemoData/InfectionMasks/3_z392.png,L3netDemoData/LungMasks/3_z392.png
L3netDemoData/OpenSourceDCMs/DCM7/m010-s0033-7.dcm,L3netDemoData/InfectionMasks/7_z033.png,L3netDemoData/LungMasks/7_z033.png
L3netDemoData/OpenSourceDCMs/DCM4/m007-s0009-4.dcm,L3netDemoData/InfectionMasks/4_z009.png,L3netDemoData/LungMasks/4_z009.png
L3netDemoData/OpenSourceDCMs/DCM2/m005-s0014-2.dcm,L3netDemoData/InfectionMasks/2_z014.png,L3netDemoData/LungMasks/2_z014.png
L3netDemoData/OpenSourceDCMs/DCM3/m004-s0391-3.dcm,L3netDemoData/InfectionMasks/3_z391.png,L3netDemoData/LungMasks/3_z391.png
L3netDemoData/OpenSourceDCMs/DCM5/m008-s0020-5.dcm,L3netDemoData/InfectionMasks/5_z020.png,L3netDemoData/LungMasks/5_z020.png
L3netDemoData/OpenSourceDCMs/DCM9/m012-s0012-9.dcm,L3netDemoData/InfectionMasks/9_z012.png,L3netDemoData/LungMasks/9_z012.png
L3netDemoData/OpenSourceDCMs/DCM3/m004-s0169-3.dcm,L3netDemoData/InfectionMasks/3_z169.png,L3netDemoData/LungMasks/3_z169.png
L3netDemoData/OpenSourceDCMs/DCM1/m006-s0022-1.dcm,L3netDemoData/InfectionMasks/1_z022.png,L3netDemoData/LungMasks/1_z022.png
L3netDemoData/OpenSourceDCMs/DCM3/m004-s0230-3.dcm,L3netDemoData/InfectionMasks/3_z230.png,L3netDemoData/LungMasks/3_z230.png
L3netDemoData/OpenSourceDCMs/DCM3/m004-s0376-3.dcm,L3netDemoData/InfectionMasks/3_z376.png,L3netDemoData/LungMasks/3_z376.png
L3netDemoData/OpenSourceDCMs/DCM3/m004-s0077-3.dcm,L3netDemoData/InfectionMasks/3_z077.png,L3netDemoData/LungMasks/3_z077.png
L3netDemoData/OpenSourceDCMs/DCM3/m004-s0193-3.dcm,L3netDemoData/InfectionMasks/3_z193.png,L3netDemoData/LungMasks/3_z193.png
L3netDemoData/OpenSourceDCMs/DCM3/m004-s0108-3.dcm,L3netDemoData/InfectionMasks/3_z108.png,L3netDemoData/LungMasks/3_z108.png
L3netDemoData/OpenSourceDCMs/DCM3/m004-s0302-3.dcm,L3netDemoData/InfectionMasks/3_z302.png,L3netDemoData/LungMasks/3_z302.png
L3netDemoData/OpenSourceDCMs/DCM3/m004-s0330-3.dcm,L3netDemoData/InfectionMasks/3_z330.png,L3netDemoData/LungMasks/3_z330.png
L3netDemoData/OpenSourceDCMs/DCM3/m004-s0408-3.dcm,L3netDemoData/InfectionMasks/3_z408.png,L3netDemoData/LungMasks/3_z408.png
L3netDemoData/OpenSourceDCMs/DCM3/m004-s0260-3.dcm,L3netDemoData/InfectionMasks/3_z260.png,L3netDemoData/LungMasks/3_z260.png
L3netDemoData/OpenSourceDCMs/DCM9/m012-s0034-9.dcm,L3netDemoData/InfectionMasks/9_z034.png,L3netDemoData/LungMasks/9_z034.png
L3netDemoData/OpenSourceDCMs/DCM3/m004-s0225-3.dcm,L3netDemoData/InfectionMasks/3_z225.png,L3netDemoData/LungMasks/3_z225.png
L3netDemoData/OpenSourceDCMs/DCM7/m010-s0013-7.dcm,L3netDemoData/InfectionMasks/7_z013.png,L3netDemoData/LungMasks/7_z013.png
L3netDemoData/OpenSourceDCMs/DCM3/m004-s0047-3.dcm,L3netDemoData/InfectionMasks/3_z047.png,L3netDemoData/LungMasks/3_z047.png
L3netDemoData/OpenSourceDCMs/DCM7/m010-s0015-7.dcm,L3netDemoData/InfectionMasks/7_z015.png,L3netDemoData/LungMasks/7_z015.png
L3netDemoData/OpenSourceDCMs/DCM3/m004-s0016-3.dcm,L3netDemoData/InfectionMasks/3_z016.png,L3netDemoData/LungMasks/3_z016.png
L3netDemoData/OpenSourceDCMs/DCM3/m004-s0289-3.dcm,L3netDemoData/InfectionMasks/3_z289.png,L3netDemoData/LungMasks/3_z289.png
L3netDemoData/OpenSourceDCMs/DCM3/m004-s0004-3.dcm,L3netDemoData/InfectionMasks/3_z004.png,L3netDemoData/LungMasks/3_z004.png
L3netDemoData/OpenSourceDCMs/DCM3/m004-s0375-3.dcm,L3netDemoData/InfectionMasks/3_z375.png,L3netDemoData/LungMasks/3_z375.png
L3netDemoData/OpenSourceDCMs/DCM3/m004-s0247-3.dcm,L3netDemoData/InfectionMasks/3_z247.png,L3netDemoData/LungMasks/3_z247.png
L3netDemoData/OpenSourceDCMs/DCM3/m004-s0131-3.dcm,L3netDemoData/InfectionMasks/3_z131.png,L3netDemoData/LungMasks/3_z131.png
L3netDemoData/OpenSourceDCMs/DCM3/m004-s0383-3.dcm,L3netDemoData/InfectionMasks/3_z383.png,L3netDemoData/LungMasks/3_z383.png
L3netDemoData/OpenSourceDCMs/DCM3/m004-s0038-3.dcm,L3netDemoData/InfectionMasks/3_z038.png,L3netDemoData/LungMasks/3_z038.png
L3netDemoData/OpenSourceDCMs/DCM6/m009-s0008-6.dcm,L3netDemoData/InfectionMasks/6_z008.png,L3netDemoData/LungMasks/6_z008.png
L3netDemoData/OpenSourceDCMs/DCM1/m006-s0021-1.dcm,L3netDemoData/InfectionMasks/1_z021.png,L3netDemoData/LungMasks/1_z021.png
L3netDemoData/OpenSourceDCMs/DCM8/m011-s0010-8.dcm,L3netDemoData/InfectionMasks/8_z010.png,L3netDemoData/LungMasks/8_z010.png
L3netDemoData/OpenSourceDCMs/DCM2/m005-s0027-2.dcm,L3netDemoData/InfectionMasks/2_z027.png,L3netDemoData/LungMasks/2_z027.png
L3netDemoData/OpenSourceDCMs/DCM3/m004-s0023-3.dcm,L3netDemoData/InfectionMasks/3_z023.png,L3netDemoData/LungMasks/3_z023.png
L3netDemoData/OpenSourceDCMs/DCM3/m004-s0187-3.dcm,L3netDemoData/InfectionMasks/3_z187.png,L3netDemoData/LungMasks/3_z187.png
L3netDemoData/OpenSourceDCMs/DCM3/m004-s0352-3.dcm,L3netDemoData/InfectionMasks/3_z352.png,L3netDemoData/LungMasks/3_z352.png
L3netDemoData/OpenSourceDCMs/DCM3/m004-s0019-3.dcm,L3netDemoData/InfectionMasks/3_z019.png,L3netDemoData/LungMasks/3_z019.png
